-- MariaDB dump 10.19  Distrib 10.11.6-MariaDB, for Linux (x86_64)
--
-- Host: viaduct.proxy.rlwy.net    Database: railway
-- ------------------------------------------------------
-- Server version	11.3.2-MariaDB-1:11.3.2+maria~ubu2204

/*!40101 SET @OLD_CHARACTER_SET_CLIENT=@@CHARACTER_SET_CLIENT */;
/*!40101 SET @OLD_CHARACTER_SET_RESULTS=@@CHARACTER_SET_RESULTS */;
/*!40101 SET @OLD_COLLATION_CONNECTION=@@COLLATION_CONNECTION */;
/*!40101 SET NAMES utf8mb4 */;
/*!40103 SET @OLD_TIME_ZONE=@@TIME_ZONE */;
/*!40103 SET TIME_ZONE='+00:00' */;
/*!40014 SET @OLD_UNIQUE_CHECKS=@@UNIQUE_CHECKS, UNIQUE_CHECKS=0 */;
/*!40014 SET @OLD_FOREIGN_KEY_CHECKS=@@FOREIGN_KEY_CHECKS, FOREIGN_KEY_CHECKS=0 */;
/*!40101 SET @OLD_SQL_MODE=@@SQL_MODE, SQL_MODE='NO_AUTO_VALUE_ON_ZERO' */;
/*!40111 SET @OLD_SQL_NOTES=@@SQL_NOTES, SQL_NOTES=0 */;

--
-- Table structure for table `fit_boi_gg`
--

DROP TABLE IF EXISTS `fit_boi_gg`;
/*!40101 SET @saved_cs_client     = @@character_set_client */;
/*!40101 SET character_set_client = utf8 */;
CREATE TABLE `fit_boi_gg` (
  `id` int(11) NOT NULL AUTO_INCREMENT,
  `user_id` bigint(20) DEFAULT NULL,
  `group_id` mediumtext DEFAULT NULL,
  `year` varchar(4) DEFAULT NULL,
  `fast_gg_count` int(11) DEFAULT 0,
  PRIMARY KEY (`id`),
  KEY `user_id` (`user_id`),
  CONSTRAINT `fit_boi_gg_ibfk_1` FOREIGN KEY (`user_id`) REFERENCES `fit_boi_user` (`id`)
) ENGINE=InnoDB AUTO_INCREMENT=15 DEFAULT CHARSET=utf8mb4 COLLATE=utf8mb4_general_ci;
/*!40101 SET character_set_client = @saved_cs_client */;

--
-- Dumping data for table `fit_boi_gg`
--

LOCK TABLES `fit_boi_gg` WRITE;
/*!40000 ALTER TABLE `fit_boi_gg` DISABLE KEYS */;
INSERT INTO `fit_boi_gg` VALUES
(8,707903149,'-253413285','2024',217),
(9,766934418,'-253413285','2024',224),
(10,823550040,'-253413285','2024',138),
(11,830073792,'-253413285','2024',2),
(12,840358941,'-253413285','2024',103),
(13,1053466322,'-253413285','2024',11),
(14,7039353831,'7039353831','2024',0);
/*!40000 ALTER TABLE `fit_boi_gg` ENABLE KEYS */;
UNLOCK TABLES;

--
-- Table structure for table `fit_boi_record`
--

DROP TABLE IF EXISTS `fit_boi_record`;
/*!40101 SET @saved_cs_client     = @@character_set_client */;
/*!40101 SET character_set_client = utf8 */;
CREATE TABLE `fit_boi_record` (
  `id` int(11) NOT NULL AUTO_INCREMENT,
  `activity` varchar(25) DEFAULT NULL,
  `month` varchar(2) DEFAULT NULL,
  `day` varchar(2) DEFAULT NULL,
  `year` varchar(4) DEFAULT NULL,
  `user_id` bigint(20) DEFAULT NULL,
  PRIMARY KEY (`id`)
) ENGINE=InnoDB AUTO_INCREMENT=2041 DEFAULT CHARSET=utf8mb4 COLLATE=utf8mb4_general_ci;
/*!40101 SET character_set_client = @saved_cs_client */;

--
-- Dumping data for table `fit_boi_record`
--

LOCK TABLES `fit_boi_record` WRITE;
/*!40000 ALTER TABLE `fit_boi_record` DISABLE KEYS */;
INSERT INTO `fit_boi_record` VALUES
(2,'walk','01','01','2023',840358941),
(3,'snowmobiling','01','01','2023',766934418),
(4,'walk','01','01','2023',707903149),
(5,'walk','01','01','2023',830073792),
(6,'yoga','01','01','2023',823550040),
(7,'walk','01','02','2023',707903149),
(9,'walk','01','02','2023',766934418),
(10,'weights','01','02','2023',707903149),
(12,'walk','01','03','2023',707903149),
(13,'racquetball','01','03','2023',840358941),
(14,'racquetball','01','03','2023',823550040),
(15,'walk','01','04','2023',707903149),
(16,'walk','01','04','2023',840358941),
(17,'weights','01','04','2023',707903149),
(18,'walk','01','04','2023',766934418),
(19,'weights','01','04','2023',830073792),
(20,'strength','01','01','2023',840358941),
(21,'walk','01','05','2023',830073792),
(22,'weightwalk','01','05','2023',840358941),
(23,'walk','01','05','2023',707903149),
(24,'walk','01','07','2023',766934418),
(25,'yoga','01','05','2023',823550040),
(26,'yoga','01','06','2023',823550040),
(27,'walk','01','06','2023',766934418),
(28,'weightwalk','01','06','2023',840358941),
(29,'weights','01','06','2023',707903149),
(30,'weighedwalk','01','06','2023',707903149),
(31,'weights','01','06','2023',830073792),
(32,'strength','01','06','2023',840358941),
(33,'hike','01','07','2023',766934418),
(34,'walk','01','07','2023',823550040),
(35,'walk','01','07','2023',707903149),
(36,'bike','01','08','2023',707903149),
(37,'walk','01','08','2023',766934418),
(38,'Weights','01','08','2023',830073792),
(39,'walk','01','09','2023',830073792),
(40,'run','01','09','2023',840358941),
(41,'weights','01','09','2023',707903149),
(42,'yoga','01','09','2023',823550040),
(43,'walk','01','09','2023',766934418),
(44,'weights','01','09','2023',830073792),
(45,'walk','01','10','2023',830073792),
(46,'walk','01','10','2023',707903149),
(47,'walk','01','10','2023',766934418),
(48,'strength','01','10','2023',840358941),
(49,'walk','01','11','2023',840358941),
(50,'walk','01','11','2023',766934418),
(51,'walk','01','11','2023',707903149),
(52,'yoga','01','11','2023',840358941),
(53,'walk2','01','11','2023',766934418),
(54,'yoga','01','11','2023',823550040),
(55,'weights','01','11','2023',707903149),
(56,'walk','01','12','2023',823550040),
(57,'walk','01','12','2023',766934418),
(58,'walk','01','12','2023',840358941),
(59,'workout','01','12','2023',840358941),
(60,'walk','01','12','2023',707903149),
(61,'discgolf','01','12','2023',840358941),
(62,'yoga','01','12','2023',823550040),
(63,'cardio','01','12','2023',766934418),
(64,'runthenwalk','01','13','2023',766934418),
(65,'walk','01','13','2023',707903149),
(66,'run','01','13','2023',840358941),
(67,'walk2','01','12','2023',766934418),
(68,'walk','01','13','2023',823550040),
(69,'yoga','01','13','2023',840358941),
(70,'walk3','01','12','2023',766934418),
(71,'weights','01','13','2023',1053466322),
(72,'weights','01','13','2023',707903149),
(73,'weights','01','13','2023',830073792),
(74,'weightedwalk','01','14','2023',707903149),
(75,'cardio','01','14','2023',766934418),
(76,'discgolf','01','15','2023',840358941),
(77,'walk','01','15','2023',766934418),
(78,'cycling','01','15','2023',707903149),
(79,'hiking','01','16','2023',766934418),
(80,'walk','01','16','2023',707903149),
(81,'weights','01','16','2023',707903149),
(82,'walk','01','17','2023',766934418),
(83,'walk','01','17','2023',830073792),
(84,'weights','01','17','2023',830073792),
(85,'walk','01','17','2023',823550040),
(86,'cardio','01','17','2023',766934418),
(87,'walk','01','18','2023',766934418),
(88,'walk','01','18','2023',707903149),
(89,'walk','01','18','2023',830073792),
(90,'walk2','01','18','2023',766934418),
(91,'walk','01','19','2023',766934418),
(92,'walk/run','01','19','2023',823550040),
(93,'walk2','01','19','2023',766934418),
(94,'weights','01','19','2023',707903149),
(95,'gym','01','20','2023',766934418),
(96,'walk','01','20','2023',766934418),
(97,'walk','01','20','2023',707903149),
(98,'walk','01','21','2023',830073792),
(99,'walk','01','22','2023',766934418),
(100,'weights','01','22','2023',830073792),
(101,'gymcardio','01','22','2023',766934418),
(102,'walk','01','23','2023',707903149),
(103,'walk','01','23','2023',766934418),
(104,'walk','01','23','2023',707903149),
(105,'gym','01','23','2023',766934418),
(106,'walk','01','24','2023',766934418),
(107,'run','01','24','2023',823550040),
(108,'walk','01','24','2023',707903149),
(109,'walk','01','24','2023',830073792),
(110,'walk2','01','24','2023',766934418),
(111,'walk','01','25','2023',830073792),
(112,'workout','01','25','2023',766934418),
(113,'workout','01','26','2023',766934418),
(114,'weightwalk','01','26','2023',840358941),
(115,'weights','01','26','2023',830073792),
(116,'strength','01','26','2023',840358941),
(117,'walk','01','26','2023',707903149),
(118,'yoga','01','26','2023',823550040),
(119,'workout','01','27','2023',766934418),
(120,'walk','01','27','2023',707903149),
(121,'yoga','01','27','2023',823550040),
(122,'walk','01','28','2023',707903149),
(123,'strength','01','28','2023',840358941),
(124,'weights','01','28','2023',1053466322),
(125,'hike','01','28','2023',766934418),
(126,'run','01','28','2023',823550040),
(127,'weightwalk','01','28','2023',840358941),
(128,'walk','01','29','2023',840358941),
(129,'bike','01','29','2023',707903149),
(130,'walk','01','29','2023',840358941),
(131,'strength','01','29','2023',840358941),
(132,'walk','01','29','2023',823550040),
(133,'walk','01','29','2023',830073792),
(134,'walk','01','29','2023',766934418),
(135,'yoga','01','29','2023',823550040),
(136,'workout','01','30','2023',766934418),
(137,'run','01','30','2023',823550040),
(138,'walk','01','30','2023',707903149),
(139,'weightwalk','01','30','2023',840358941),
(140,'weights','01','30','2023',830073792),
(141,'yoga','01','31','2023',823550040),
(142,'weightrun','01','31','2023',840358941),
(143,'workout','02','01','2023',766934418),
(144,'run','02','01','2023',823550040),
(145,'walk','02','01','2023',830073792),
(147,'walk','02','01','2023',707903149),
(148,'cardio','02','01','2023',1053466322),
(149,'workout','02','02','2023',766934418),
(150,'weights','02','02','2023',830073792),
(151,'walk','02','02','2023',830073792),
(153,'yoga','02','02','2023',823550040),
(154,'weights','02','02','2023',830073792),
(155,'walk','02','03','2023',766934418),
(156,'weightedwalk','02','03','2023',766934418),
(157,'walk','02','03','2023',707903149),
(158,'yoga','02','03','2023',823550040),
(159,'strength','02','03','2023',840358941),
(160,'cardio','01','03','2023',1053466322),
(161,'workout','02','03','2023',823550040),
(162,'hike','02','04','2023',766934418),
(163,'strength','02','04','2023',840358941),
(164,'run','02','04','2023',823550040),
(165,'weights','02','04','2023',707903149),
(166,'walk','02','05','2023',707903149),
(167,'workout','02','05','2023',766934418),
(168,'cardio','02','05','2023',1053466322),
(169,'yoga','02','06','2023',766934418),
(170,'weightedwalk','02','06','2023',766934418),
(171,'walk','02','06','2023',707903149),
(172,'walk','02','06','2023',707903149),
(173,'yoga','02','06','2023',823550040),
(174,'walk','02','06','2023',766934418),
(175,'walk','02','06','2023',823550040),
(176,'weights','02','06','2023',707903149),
(177,'weights','02','06','2023',830073792),
(178,'workout','02','06','2023',823550040),
(179,'strength','02','06','2023',840358941),
(180,'cardio','02','07','2023',766934418),
(181,'walk','02','07','2023',707903149),
(182,'weightedwalk','02','07','2023',766934418),
(183,'yoga','02','07','2023',823550040),
(184,'walk','02','08','2023',766934418),
(185,'walk','02','08','2023',707903149),
(186,'walk','02','08','2023',823550040),
(187,'weightedwalk2','02','08','2023',766934418),
(188,'strength','02','08','2023',840358941),
(189,'walk','02','09','2023',707903149),
(190,'walk','02','09','2023',766934418),
(191,'walk','02','09','2023',707903149),
(192,'walk2','02','09','2023',766934418),
(193,'weights','02','09','2023',707903149),
(194,'yoga','02','09','2023',823550040),
(195,'workout','02','10','2023',766934418),
(196,'walk','02','10','2023',707903149),
(197,'hike','02','11','2023',766934418),
(198,'walk','02','11','2023',830073792),
(199,'racquetball','02','10','2023',840358941),
(200,'walk','02','11','2023',840358941),
(201,'workout','02','11','2023',766934418),
(202,'yoga','02','11','2023',823550040),
(203,'weights','02','11','2023',830073792),
(204,'walk','02','12','2023',707903149),
(205,'weights','02','12','2023',830073792),
(206,'strength','02','12','2023',840358941),
(208,'weighs','02','12','2023',707903149),
(209,'workout','02','12','2023',766934418),
(210,'walk','02','13','2023',766934418),
(211,'walk','02','13','2023',707903149),
(212,'run','02','12','2023',840358941),
(213,'yoga','02','13','2023',840358941),
(214,'bike','02','13','2023',707903149),
(215,'yoga','02','13','2023',823550040),
(216,'walk2','02','13','2023',766934418),
(217,'run','02','13','2023',823550040),
(218,'weights','02','14','2023',766934418),
(219,'walk','02','14','2023',707903149),
(220,'weightedrun','02','14','2023',840358941),
(221,'weightedwalk','02','14','2023',766934418),
(222,'walk','02','14','2023',823550040),
(223,'cardio','02','15','2023',766934418),
(224,'walk','02','15','2023',707903149),
(225,'yoga','02','15','2023',823550040),
(226,'weightedwalk','02','15','2023',766934418),
(227,'workout','02','16','2023',766934418),
(228,'weightedwalk','02','16','2023',766934418),
(229,'weightedwalk','02','16','2023',707903149),
(230,'cardio','02','16','2023',766934418),
(231,'workout','02','16','2023',823550040),
(232,'strength','02','16','2023',840358941),
(233,'run','02','16','2023',840358941),
(234,'walk','02','17','2023',766934418),
(235,'weights','02','17','2023',707903149),
(236,'workout','02','17','2023',840358941),
(237,'yoga','02','17','2023',823550040),
(238,'weighted_hike','02','18','2023',766934418),
(239,'bike','02','18','2023',707903149),
(240,'walk','02','18','2023',707903149),
(241,'yoga','02','18','2023',823550040),
(242,'weightedrun','02','19','2023',840358941),
(243,'weights','02','19','2023',766934418),
(244,'walk','02','19','2023',707903149),
(245,'workout','02','19','2023',823550040),
(246,'cardio','02','20','2023',766934418),
(247,'walk','02','20','2023',707903149),
(248,'weights','02','20','2023',707903149),
(249,'racquetball','02','20','2023',840358941),
(250,'racquetball','02','20','2023',823550040),
(251,'yoga','02','20','2023',823550040),
(252,'walk','02','20','2023',766934418),
(253,'walk','02','21','2023',830073792),
(254,'walk','02','21','2023',766934418),
(255,'weights','02','21','2023',830073792),
(256,'walk','02','21','2023',840358941),
(257,'latewalk','02','21','2023',766934418),
(258,'yoga','02','22','2023',823550040),
(259,'walk','02','22','2023',766934418),
(260,'yoga','02','23','2023',823550040),
(261,'walk','02','24','2023',766934418),
(262,'walk','02','24','2023',707903149),
(263,'walk','02','25','2023',766934418),
(264,'walk','02','25','2023',707903149),
(265,'workout','02','26','2023',766934418),
(266,'legday','02','27','2023',766934418),
(267,'walk','02','27','2023',707903149),
(268,'weightedrun','02','27','2023',840358941),
(269,'yoga','02','27','2023',823550040),
(270,'weights','02','27','2023',707903149),
(271,'run','02','27','2023',823550040),
(272,'weights(push)','02','28','2023',766934418),
(273,'walk','02','28','2023',823550040),
(274,'walk','02','28','2023',707903149),
(275,'walk','03','01','2023',766934418),
(276,'walk','03','01','2023',707903149),
(277,'yoga','03','01','2023',823550040),
(278,'weights','03','02','2023',830073792),
(279,'yoga','03','02','2023',823550040),
(280,'walk','02','02','2023',707903149),
(281,'walk','03','02','2023',766934418),
(282,'walk','03','02','2023',707903149),
(283,'weights','03','02','2023',707903149),
(284,'strength','03','02','2023',840358941),
(285,'run','03','02','2023',840358941),
(286,'walk','03','03','2023',766934418),
(287,'walk','03','03','2023',707903149),
(288,'yoga','03','03','2023',823550040),
(289,'weights','03','03','2023',707903149),
(290,'weights','03','04','2023',707903149),
(291,'weights','03','04','2023',707903149),
(292,'workout(pull)','03','04','2023',766934418),
(293,'walk','03','04','2023',823550040),
(294,'walk','03','04','2023',766934418),
(295,'workout','03','04','2023',840358941),
(296,'run','03','04','2023',840358941),
(297,'walk','03','05','2023',707903149),
(298,'walk','03','05','2023',766934418),
(299,'weightedwalk','03','05','2023',766934418),
(300,'weightedrun','03','05','2023',840358941),
(301,'bike','03','05','2023',707903149),
(302,'workout','03','06','2023',766934418),
(303,'yoga','03','06','2023',823550040),
(304,'walk','03','06','2023',766934418),
(305,'walk','03','06','2023',707903149),
(306,'run','03','06','2023',823550040),
(307,'workout','03','06','2023',840358941),
(308,'workout','03','07','2023',766934418),
(309,'weights','03','07','2023',830073792),
(310,'yoga','03','07','2023',823550040),
(311,'racquetball','03','07','2023',840358941),
(312,'walk/run','03','07','2023',823550040),
(313,'racquetball','03','07','2023',823550040),
(314,'indoorwalk','03','07','2023',766934418),
(315,'racquetball','03','07','2023',766934418),
(316,'walk','03','08','2023',830073792),
(317,'weightedwalk','03','08','2023',766934418),
(318,'workout','03','09','2023',766934418),
(319,'weights','03','10','2023',707903149),
(320,'cardio','03','09','2023',766934418),
(321,'yoga','03','10','2023',823550040),
(322,'workout','03','10','2023',840358941),
(323,'weights','03','11','2023',707903149),
(324,'hike','03','11','2023',766934418),
(325,'walk','03','13','2023',830073792),
(326,'cardio','03','14','2023',766934418),
(327,'yoga','03','14','2023',823550040),
(328,'treadmill+racquetball','03','14','2023',766934418),
(329,'racquetball','03','14','2023',823550040),
(330,'racquetball','03','14','2023',840358941),
(331,'walk','03','15','2023',823550040),
(332,'weights','03','15','2023',707903149),
(333,'walk','03','16','2023',707903149),
(334,'walk','03','16','2023',823550040),
(335,'walk','03','16','2023',766934418),
(336,'workout','03','17','2023',766934418),
(337,'walk','03','17','2023',830073792),
(338,'weights','03','17','2023',707903149),
(339,'workout','03','17','2023',840358941),
(340,'walk','03','18','2023',823550040),
(341,'walk','03','19','2023',707903149),
(342,'workout','03','19','2023',766934418),
(343,'hike','03','19','2023',840358941),
(344,'weightedwalk','03','20','2023',766934418),
(345,'walk','03','20','2023',707903149),
(346,'weights','03','20','2023',707903149),
(347,'yoga','03','20','2023',823550040),
(348,'yoga','03','19','2023',823550040),
(349,'workout','03','21','2023',766934418),
(350,'walk','03','21','2023',707903149),
(351,'weightedwalk','03','21','2023',766934418),
(352,'racquetball','03','21','2023',840358941),
(353,'racquetball','03','21','2023',823550040),
(354,'workout','03','22','2023',766934418),
(356,'walk','03','22','2023',707903149),
(357,'workout','03','22','2023',840358941),
(358,'walk','03','22','2023',766934418),
(359,'weights','03','22','2023',707903149),
(360,'walk','03','23','2023',766934418),
(361,'workout','03','23','2023',840358941),
(362,'walk','03','23','2023',823550040),
(363,'workout','03','24','2023',766934418),
(364,'run','03','24','2023',840358941),
(365,'racquetball','03','26','2023',707903149),
(366,'racquetball','03','26','2023',840358941),
(367,'racquetball','03','26','2023',823550040),
(368,'walk','03','26','2023',840358941),
(369,'walk','03','27','2023',707903149),
(370,'run','03','27','2023',823550040),
(371,'walk','03','27','2023',840358941),
(372,'walk','03','28','2023',707903149),
(373,'racquetball','03','28','2023',823550040),
(374,'racquetball','03','28','2023',840358941),
(375,'walk','03','29','2023',823550040),
(376,'walk','03','30','2023',707903149),
(377,'walk','03','30','2023',707903149),
(378,'walk','03','30','2023',823550040),
(379,'weights','03','30','2023',707903149),
(380,'yoga','03','31','2023',823550040),
(381,'workout','03','31','2023',840358941),
(382,'weights','03','31','2023',707903149),
(383,'weights','04','01','2023',707903149),
(384,'walk','04','01','2023',823550040),
(385,'walk','04','01','2023',840358941),
(386,'bike','04','02','2023',707903149),
(387,'hike','04','02','2023',823550040),
(388,'workout','04','03','2023',766934418),
(389,'walk','04','03','2023',707903149),
(390,'workout','04','04','2023',766934418),
(391,'walk','04','04','2023',707903149),
(392,'walk','04','04','2023',707903149),
(393,'walk','04','04','2023',823550040),
(394,'racquetball','04','04','2023',840358941),
(395,'racquetball','04','04','2023',823550040),
(396,'walk','04','05','2023',707903149),
(397,'walk','04','05','2023',766934418),
(398,'weights','04','05','2023',707903149),
(399,'yoga','04','05','2023',766934418),
(400,'walk','04','06','2023',707903149),
(401,'run','04','06','2023',823550040),
(402,'walk','04','06','2023',766934418),
(403,'walk','04','07','2023',707903149),
(404,'gym','04','07','2023',766934418),
(405,'walk','04','08','2023',840358941),
(406,'drums','04','08','2023',766934418),
(407,'walk','04','09','2023',766934418),
(408,'walk','04','09','2023',823550040),
(409,'racquetball','04','09','2023',823550040),
(410,'racquetball','04','09','2023',840358941),
(411,'walk2','04','09','2023',766934418),
(412,'walk','04','09','2023',840358941),
(413,'walk','04','10','2023',707903149),
(414,'walk','04','10','2023',707903149),
(415,'yoga','04','10','2023',823550040),
(416,'gym','04','10','2023',766934418),
(417,'weights','04','10','2023',707903149),
(418,'walk','04','10','2023',840358941),
(419,'walk','04','11','2023',766934418),
(420,'walk','04','11','2023',707903149),
(421,'walk','04','11','2023',823550040),
(422,'walk','04','11','2023',707903149),
(423,'gym','04','11','2023',766934418),
(424,'weights','04','11','2023',707903149),
(425,'walk2','04','11','2023',823550040),
(426,'walk','04','12','2023',707903149),
(427,'walk','04','12','2023',766934418),
(428,'weights','04','12','2023',707903149),
(429,'walk','04','13','2023',707903149),
(430,'walk','04','13','2023',823550040),
(431,'weights','04','13','2023',830073792),
(432,'walk','04','13','2023',766934418),
(433,'walk','04','14','2023',707903149),
(434,'workout','04','14','2023',766934418),
(435,'racquetball','04','14','2023',823550040),
(436,'racquetball','04','14','2023',840358941),
(437,'hike','04','15','2023',766934418),
(438,'walk','04','15','2023',1053466322),
(439,'workout','04','16','2023',840358941),
(440,'walk','04','16','2023',840358941),
(441,'walk2','04','16','2023',840358941),
(442,'walk','04','17','2023',707903149),
(443,'workout','04','17','2023',766934418),
(444,'weights','04','17','2023',707903149),
(445,'walk','04','17','2023',840358941),
(446,'walk','04','17','2023',823550040),
(447,'walk','04','18','2023',707903149),
(448,'walk','04','18','2023',840358941),
(449,'racquetball','04','18','2023',766934418),
(450,'racquetball','04','18','2023',823550040),
(451,'racquetball','04','18','2023',840358941),
(452,'gym','04','19','2023',766934418),
(453,'walk','04','19','2023',823550040),
(454,'walk','04','19','2023',707903149),
(455,'walk','04','19','2023',840358941),
(456,'walk','04','19','2023',766934418),
(457,'walk','04','20','2023',707903149),
(458,'gym','04','20','2023',766934418),
(459,'hike','04','21','2023',766934418),
(460,'workout','04','21','2023',766934418),
(461,'workout','04','22','2023',766934418),
(462,'walk','04','22','2023',766934418),
(463,'walk','04','22','2023',707903149),
(464,'walk','04','23','2023',707903149),
(465,'hike','04','22','2023',840358941),
(466,'kayak','04','22','2023',840358941),
(467,'walk','04','23','2023',840358941),
(468,'hike','04','22','2023',823550040),
(469,'canoe','04','22','2023',823550040),
(470,'walk','04','24','2023',707903149),
(471,'walk','04','24','2023',707903149),
(472,'walk','04','24','2023',823550040),
(473,'walk','04','24','2023',766934418),
(474,'weights','04','24','2023',707903149),
(475,'walk','04','24','2023',840358941),
(476,'walk','04','25','2023',707903149),
(478,'walk','04','25','2023',707903149),
(480,'racquetball','04','25','2023',766934418),
(484,'walk','04','26','2023',707903149),
(485,'walk','04','26','2023',707903149),
(486,'racquetball','04','25','2023',840358941),
(487,'racquetball','04','25','2023',823550040),
(488,'workout','04','26','2023',840358941),
(489,'walk','04','27','2023',707903149),
(490,'workout','04','27','2023',766934418),
(491,'walk','04','28','2023',766934418),
(492,'racquetball','04','28','2023',707903149),
(493,'walk','04','28','2023',823550040),
(494,'walk','04','28','2023',707903149),
(495,'discgolf','04','28','2023',840358941),
(496,'bike','04','30','2023',707903149),
(497,'workout','04','30','2023',766934418),
(498,'workout','04','30','2023',840358941),
(499,'walk','04','30','2023',707903149),
(500,'racquetball','04','30','2023',840358941),
(501,'racquetball','04','30','2023',823550040),
(502,'walk','05','01','2023',707903149),
(503,'walk','05','01','2023',823550040),
(504,'weights','05','01','2023',707903149),
(505,'yoga','05','02','2023',823550040),
(506,'walk','05','02','2023',707903149),
(507,'racquetball','05','02','2023',766934418),
(508,'racquetball','05','02','2023',840358941),
(509,'racquetball','05','02','2023',823550040),
(510,'walk','05','03','2023',707903149),
(511,'workout','05','03','2023',840358941),
(512,'walk','05','04','2023',707903149),
(513,'walk','05','05','2023',766934418),
(514,'walk','05','05','2023',707903149),
(515,'racquetball','05','06','2023',823550040),
(516,'hiking','05','06','2023',766934418),
(517,'walk','05','08','2023',707903149),
(518,'walks','05','08','2023',766934418),
(519,'walk','05','08','2023',823550040),
(520,'walk','05','09','2023',823550040),
(521,'walk','05','09','2023',707903149),
(522,'racquetball','05','09','2023',766934418),
(523,'racquetball','05','09','2023',823550040),
(524,'racquetball','04','9','2023',840358941),
(525,'walk','05','10','2023',766934418),
(526,'walk','05','10','2023',707903149),
(527,'walk','05','11','2023',707903149),
(528,'walk','05','11','2023',823550040),
(529,'weights','05','11','2023',707903149),
(530,'walk','05','11','2023',766934418),
(531,'walk','05','12','2023',766934418),
(532,'walk','05','12','2023',707903149),
(533,'bike','05','12','2023',707903149),
(534,'walk','04','12','2023',840358941),
(535,'walk','04','12','2023',840358941),
(536,'racquetball','05','13','2023',823550040),
(537,'racquetball','05','13','2023',840358941),
(538,'weights','05','15','2023',707903149),
(539,'walk','05','16','2023',823550040),
(540,'walk','05','16','2023',766934418),
(541,'hike','05','16','2023',830073792),
(542,'weights','05','16','2023',707903149),
(543,'walk','05','16','2023',707903149),
(544,'racquetball','05','16','2023',840358941),
(545,'racquetball','05','16','2023',823550040),
(546,'racquetball','05','16','2023',766934418),
(547,'walk','05','17','2023',707903149),
(548,'weights','05','17','2023',707903149),
(549,'walk','05','21','2023',823550040),
(550,'walk','05','21','2023',707903149),
(551,'walk','05','22','2023',766934418),
(552,'walk','05','22','2023',707903149),
(553,'walk2','05','22','2023',766934418),
(554,'walk','05','22','2023',707903149),
(555,'diskgolf','05','22','2023',766934418),
(557,'weights','05','22','2023',707903149),
(558,'walk','05','23','2023',707903149),
(559,'walk','05','23','2023',707903149),
(560,'diskgolf','05','23','2023',766934418),
(561,'weights','05','23','2023',707903149),
(562,'walk','05','24','2023',766934418),
(563,'walk','05','24','2023',707903149),
(564,'walk2','05','24','2023',766934418),
(565,'walk3','05','24','2023',766934418),
(566,'walk','05','25','2023',766934418),
(567,'walk','05','26','2023',766934418),
(568,'walk','05','26','2023',707903149),
(569,'walk','05','28','2023',707903149),
(571,'weights','05','28','2023',707903149),
(572,'walk','05','29','2023',707903149),
(573,'hike','05','29','2023',766934418),
(574,'walk','05','30','2023',766934418),
(575,'walk','05','30','2023',707903149),
(576,'weights','05','30','2023',707903149),
(577,'racquetball','05','30','2023',766934418),
(578,'racquetball','05','30','2023',840358941),
(579,'walk/run','05','31','2023',823550040),
(580,'walk','05','31','2023',840358941),
(581,'walk','06','01','2023',707903149),
(582,'walk','06','01','2023',840358941),
(583,'walk','06','02','2023',707903149),
(584,'walk','06','02','2023',766934418),
(585,'walk','06','02','2023',823550040),
(586,'walk','06','02','2023',707903149),
(587,'diskgolf','06','03','2023',766934418),
(588,'walk','06','03','2023',823550040),
(589,'walk','06','04','2023',707903149),
(590,'racquetball','06','04','2023',766934418),
(591,'racquetball','06','04','2023',840358941),
(592,'racquetball','06','04','2023',823550040),
(593,'gym','06','05','2023',766934418),
(594,'walk','06','05','2023',707903149),
(595,'gym','06','06','2023',766934418),
(596,'racquetball','06','05','2023',766934418),
(597,'racquetball','06','06','2023',823550040),
(598,'racquetball','06','07','2023',707903149),
(599,'walk','06','07','2023',766934418),
(600,'gym','06','08','2023',766934418),
(601,'walk','06','08','2023',707903149),
(602,'walk','06','08','2023',766934418),
(603,'walk','06','08','2023',823550040),
(604,'gym','06','09','2023',766934418),
(605,'walk','06','09','2023',707903149),
(606,'walk','06','09','2023',766934418),
(607,'walk','06','09','2023',707903149),
(608,'weightedwalk','06','10','2023',766934418),
(609,'walk','06','10','2023',707903149),
(610,'walk','06','12','2023',707903149),
(611,'walk','06','12','2023',766934418),
(612,'walk','06','12','2023',707903149),
(613,'walk','06','13','2023',707903149),
(614,'walk','06','13','2023',766934418),
(615,'walk','06','13','2023',707903149),
(616,'racketball','06','13','2023',1053466322),
(617,'racquetball','06','13','2023',823550040),
(618,'racquetball','06','13','2023',840358941),
(619,'walk','06','14','2023',707903149),
(621,'workout','06','17','2023',766934418),
(625,'walk','06','19','2023',766934418),
(626,'walk','06','20','2023',707903149),
(627,'racquetball','06','20','2023',823550040),
(628,'racquetball','06','20','2023',766934418),
(629,'walk','06','21','2023',707903149),
(630,'walk','06','23','2023',840358941),
(631,'walk','06','24','2023',707903149),
(632,'walk','06','24','2023',823550040),
(633,'discgolf','06','24','2023',840358941),
(635,'walk','06','24','2023',840358941),
(636,'swim','06','25','2023',840358941),
(637,'discgolf','06','25','2023',840358941),
(638,'discgolf','06','25','2023',823550040),
(639,'walk','06','26','2023',707903149),
(640,'walk','06','26','2023',766934418),
(641,'walk2','06','26','2023',766934418),
(642,'walk','06','26','2023',823550040),
(643,'swimming','06','26','2023',840358941),
(644,'walk','06','27','2023',707903149),
(645,'racquetball','06','27','2023',840358941),
(646,'racquetball','06','27','2023',823550040),
(647,'walk','06','29','2023',707903149),
(648,'swimming','06','29','2023',840358941),
(649,'weightedrun','06','30','2023',840358941),
(650,'weights','06','30','2023',830073792),
(651,'walk','07','02','2023',823550040),
(652,'bike','07','02','2023',707903149),
(653,'bike','07','03','2023',707903149),
(654,'walk','07','03','2023',830073792),
(655,'hike','07','01','2023',840358941),
(656,'hike','07','02','2023',840358941),
(657,'hike2','07','02','2023',840358941),
(658,'yardwork','07','03','2023',840358941),
(659,'bike','07','04','2023',707903149),
(660,'walk','07','04','2023',840358941),
(661,'walk','08','04','2023',1053466322),
(662,'bike','07','05','2023',707903149),
(663,'weightedrun','07','05','2023',840358941),
(664,'walk','07','06','2023',823550040),
(665,'racquetball','07','06','2023',840358941),
(666,'racquetball','07','05','2023',840358941),
(667,'racquetball','07','05','2023',823550040),
(668,'walk2','07','06','2023',823550040),
(669,'strength','07','06','2023',840358941),
(670,'weightedrun','07','06','2023',840358941),
(671,'bike','07','07','2023',707903149),
(672,'weightedwalk','07','07','2023',840358941),
(673,'hike','07','07','2023',766934418),
(674,'run','07','08','2023',823550040),
(675,'walk','07','08','2023',830073792),
(676,'walk','07','08','2023',840358941),
(677,'4wheeling','07','08','2023',766934418),
(678,'walk','07','09','2023',707903149),
(679,'strength','07','09','2023',840358941),
(680,'run','07','09','2023',840358941),
(681,'plunge','07','09','2023',840358941),
(682,'workout','07','10','2023',840358941),
(683,'weightedrun','07','10','2023',840358941),
(684,'plunge','07','10','2023',840358941),
(685,'racquetball','07','10','2023',707903149),
(686,'hike','07','10','2023',766934418),
(687,'walk','07','11','2023',707903149),
(688,'bike','07','11','2023',707903149),
(689,'workout','07','11','2023',823550040),
(690,'discgolf','07','11','2023',840358941),
(691,'plunge','07','11','2023',840358941),
(692,'bike','07','12','2023',707903149),
(693,'deckclean','07','12','2023',1053466322),
(694,'walk','07','12','2023',707903149),
(695,'sprints','07','12','2023',840358941),
(696,'weights','07','12','2023',707903149),
(697,'swim','07','12','2023',840358941),
(698,'walk','07','13','2023',707903149),
(699,'mulching','07','13','2023',1053466322),
(700,'bike','07','13','2023',707903149),
(701,'workout','07','13','2023',840358941),
(702,'plunge','07','13','2023',840358941),
(703,'walk','07','14','2023',840358941),
(704,'plunge','07','14','2023',840358941),
(705,'run','07','14','2023',823550040),
(706,'walk','07','14','2023',707903149),
(707,'yard work','07','15','2023',1053466322),
(708,'hike','07','15','2023',766934418),
(709,'plunge','07','15','2023',707903149),
(710,'walk','07','15','2023',840358941),
(713,'bike','07','16','2023',707903149),
(714,'plunge','07','16','2023',707903149),
(715,'walk','07','16','2023',840358941),
(716,'yoga','07','17','2023',823550040),
(717,'weights','07','17','2023',707903149),
(718,'bike','07','18','2023',707903149),
(719,'walk','07','18','2023',823550040),
(720,'walk','07','19','2023',707903149),
(721,'walk','07','19','2023',830073792),
(722,'mulching','07','20','2023',1053466322),
(723,'bike','07','21','2023',707903149),
(724,'walk','07','21','2023',823550040),
(725,'racquetball','07','22','2023',840358941),
(726,'racquetball','07','22','2023',823550040),
(727,'walk','07','22','2023',707903149),
(728,'plunge','07','23','2023',840358941),
(729,'strength','07','23','2023',840358941),
(730,'run','07','23','2023',840358941),
(731,'yardwork','07','23','2023',766934418),
(732,'bike','07','23','2023',707903149),
(733,'workout','07','21','2023',766934418),
(734,'walk','07','23','2023',840358941),
(735,'weights','07','23','2023',830073792),
(736,'workout','07','24','2023',766934418),
(737,'walk','07','24','2023',707903149),
(738,'walk','07','24','2023',823550040),
(739,'walk','07','24','2023',766934418),
(740,'walk','07','24','2023',707903149),
(741,'walk2','07','24','2023',766934418),
(742,'weightedwalk','07','24','2023',840358941),
(743,'weights','07','24','2023',707903149),
(744,'plunge','07','24','2023',840358941),
(745,'workout','07','25','2023',766934418),
(746,'walk','07','25','2023',707903149),
(747,'walk','07','25','2023',766934418),
(748,'bike','07','25','2023',707903149),
(749,'racquetball','07','24','2023',840358941),
(750,'racquetball','07','25','2023',823550040),
(751,'swim','06','25','2023',840358941),
(752,'workout','07','26','2023',766934418),
(753,'walk','07','26','2023',840358941),
(754,'walk','07','26','2023',707903149),
(755,'workout','07','26','2023',840358941),
(756,'plunge','07','26','2023',840358941),
(757,'walk','07','26','2023',766934418),
(758,'weights','07','26','2023',707903149),
(759,'weights','07','27','2023',766934418),
(760,'walk','07','27','2023',707903149),
(761,'walk','07','27','2023',766934418),
(762,'bike','07','27','2023',707903149),
(763,'walk','07','27','2023',840358941),
(764,'walk2','07','27','2023',766934418),
(765,'walk','07','28','2023',707903149),
(766,'walk','07','28','2023',766934418),
(767,'run','07','28','2023',840358941),
(768,'strength','07','28','2023',840358941),
(769,'swim','07','28','2023',840358941),
(770,'plunge','07','28','2023',840358941),
(771,'workout','07','29','2023',766934418),
(772,'walk','07','29','2023',707903149),
(773,'plunge','07','29','2023',707903149),
(774,'walk','07','28','2023',840358941),
(775,'walk','07','29','2023',840358941),
(776,'plunge','07','29','2023',840358941),
(777,'run','07','30','2023',823550040),
(778,'run','07','30','2023',840358941),
(779,'ladder','07','30','2023',840358941),
(780,'workout','07','30','2023',766934418),
(781,'workout','07','31','2023',766934418),
(782,'walk','07','31','2023',707903149),
(783,'walk','07','31','2023',707903149),
(784,'discgolf','07','31','2023',840358941),
(785,'plunge','07','31','2023',840358941),
(786,'workout','08','01','2023',766934418),
(787,'weightedwalk','08','01','2023',840358941),
(788,'walk','08','01','2023',707903149),
(789,'weightedwalk2','08','01','2023',840358941),
(790,'walk','08','01','2023',707903149),
(791,'weights','08','01','2023',707903149),
(792,'walk','08','01','2023',840358941),
(793,'workout','08','02','2023',766934418),
(794,'walk','08','02','2023',707903149),
(795,'walk','08','02','2023',766934418),
(796,'weightedwalk','08','02','2023',840358941),
(797,'workout','08','03','2023',766934418),
(798,'walk','08','03','2023',707903149),
(799,'row','08','03','2023',840358941),
(800,'walk','08','03','2023',707903149),
(801,'weights','08','03','2023',707903149),
(802,'workout','08','03','2023',840358941),
(803,'workout','08','04','2023',766934418),
(804,'walk','08','04','2023',707903149),
(805,'walk','08','04','2023',840358941),
(806,'bike','08','05','2023',707903149),
(808,'hike','08','05','2023',766934418),
(809,'weightedwalk','08','05','2023',840358941),
(810,'walk','08','05','2023',840358941),
(811,'workout','08','07','2023',766934418),
(812,'racquetball','08','07','2023',707903149),
(813,'weightedwalk','08','07','2023',840358941),
(814,'walk','08','07','2023',766934418),
(815,'racquetball','07','07','2023',840358941),
(816,'racquetball','08','07','2023',823550040),
(817,'workout','08','08','2023',766934418),
(818,'walk','08','08','2023',707903149),
(819,'walk','08','08','2023',707903149),
(820,'walk','08','09','2023',707903149),
(821,'workout','08','09','2023',766934418),
(822,'walk','08','09','2023',707903149),
(823,'weights','08','09','2023',707903149),
(824,'walk','08','09','2023',766934418),
(825,'walk','08','09','2023',823550040),
(826,'workout','08','10','2023',766934418),
(827,'indoorwalk','08','10','2023',766934418),
(828,'walk','08','10','2023',707903149),
(829,'run','08','10','2023',823550040),
(830,'run','08','10','2023',707903149),
(831,'weights','08','10','2023',707903149),
(832,'walk','08','10','2023',707903149),
(833,'workout','08','11','2023',766934418),
(834,'walking','08','11','2023',840358941),
(835,'workout','08','12','2023',766934418),
(836,'run','08','13','2023',823550040),
(837,'workout','08','14','2023',766934418),
(838,'walk','08','14','2023',766934418),
(839,'run','08','14','2023',707903149),
(840,'weights','08','14','2023',707903149),
(841,'workout','08','15','2023',766934418),
(842,'bike','08','16','2023',707903149),
(843,'workout','08','17','2023',766934418),
(844,'walk','08','17','2023',766934418),
(845,'indoorwalk','08','17','2023',766934418),
(846,'hike','08','13','2023',840358941),
(847,'hike','08','14','2023',840358941),
(848,'hike','08','15','2023',840358941),
(849,'hike','08','16','2023',840358941),
(850,'hike','07','16','2023',840358941),
(851,'hike','08','18','2023',840358941),
(852,'hike','08','17','2023',840358941),
(853,'walk','08','18','2023',707903149),
(854,'run','08','18','2023',823550040),
(855,'workout','08','18','2023',766934418),
(856,'walk','08','19','2023',840358941),
(857,'walk2','08','19','2023',840358941),
(858,'run','08','19','2023',823550040),
(859,'run','08','19','2023',766934418),
(860,'run','08','19','2023',707903149),
(861,'bike','08','20','2023',707903149),
(862,'workout','08','21','2023',766934418),
(863,'run','08','21','2023',823550040),
(864,'run','08','21','2023',707903149),
(865,'walk','08','21','2023',766934418),
(866,'walk','08','22','2023',766934418),
(867,'run','08','22','2023',766934418),
(868,'bike','08','22','2023',707903149),
(869,'run','08','22','2023',840358941),
(870,'weights','08','22','2023',707903149),
(871,'cycling','08','22','2023',823550040),
(872,'cycling','08','22','2023',840358941),
(873,'workout','08','22','2023',766934418),
(874,'workout','08','22','2023',840358941),
(875,'workout','08','22','2023',830073792),
(876,'workout','08','22','2023',823550040),
(877,'workout','08','23','2023',766934418),
(878,'run','08','23','2023',707903149),
(879,'run','08','23','2023',823550040),
(880,'run','08','23','2023',840358941),
(881,'run/walk','08','24','2023',766934418),
(882,'run','08','24','2023',707903149),
(883,'walk','08','24','2023',823550040),
(884,'walk','08','24','2023',840358941),
(885,'run','08','24','2023',840358941),
(886,'walk2','08','24','2023',766934418),
(887,'walk','08','24','2023',840358941),
(888,'walk','08','24','2023',707903149),
(889,'run','08','25','2023',823550040),
(890,'walk','08','25','2023',707903149),
(891,'cardio','08','25','2023',707903149),
(892,'weights','08','25','2023',707903149),
(893,'workout','08','25','2023',766934418),
(894,'walk','08','25','2023',840358941),
(895,'run','08','26','2023',766934418),
(896,'stairs','08','26','2023',823550040),
(897,'workout','08','26','2023',823550040),
(898,'cardio','08','26','2023',707903149),
(899,'walk','08','26','2023',840358941),
(900,'walk','08','27','2023',823550040),
(901,'walk','08','27','2023',707903149),
(902,'run','08','28','2023',707903149),
(903,'run','08','28','2023',823550040),
(904,'hike','08','28','2023',830073792),
(905,'workout','08','28','2023',766934418),
(906,'campuswalk','08','28','2023',1053466322),
(907,'run','08','28','2023',766934418),
(908,'yoga','08','29','2023',707903149),
(909,'stairmaster','08','29','2023',840358941),
(910,'cycling','08','29','2023',840358941),
(911,'cycling','08','29','2023',823550040),
(912,'treadmill','08','29','2023',707903149),
(913,'workout','08','29','2023',840358941),
(914,'workout','08','29','2023',823550040),
(915,'weights','08','29','2023',707903149),
(916,'racquetball','08','29','2023',840358941),
(917,'racquetball','08','29','2023',823550040),
(918,'plunge','08','29','2023',840358941),
(919,'workout','08','30','2023',766934418),
(920,'walk','08','30','2023',707903149),
(921,'treadmill','08','30','2023',823550040),
(922,'workout','08','31','2023',766934418),
(923,'run','08','31','2023',840358941),
(924,'plunge','08','31','2023',840358941),
(925,'walk','08','31','2023',830073792),
(926,'run','08','31','2023',766934418),
(927,'walk','08','31','2023',823550040),
(928,'run','08','31','2023',707903149),
(929,'workout','09','01','2023',766934418),
(930,'walk','09','01','2023',707903149),
(931,'run','09','01','2023',823550040),
(932,'run','09','02','2023',766934418),
(933,'walk','09','02','2023',707903149),
(934,'run','09','02','2023',823550040),
(935,'walk','09','02','2023',840358941),
(936,'walk2','09','02','2023',840358941),
(937,'run','09','03','2023',707903149),
(938,'walk','09','03','2023',840358941),
(939,'hike','09','03','2023',840358941),
(940,'hike2','09','03','2023',840358941),
(941,'yoga','09','03','2023',823550040),
(942,'walk2','09','03','2023',840358941),
(943,'walk','09','04','2023',840358941),
(944,'run','09','04','2023',823550040),
(945,'run','09','05','2023',707903149),
(946,'workout','09','05','2023',766934418),
(947,'run','09','05','2023',766934418),
(948,'hillrepeats','09','06','2023',766934418),
(949,'walk','09','06','2023',707903149),
(950,'run','09','06','2023',823550040),
(951,'treadmill','09','06','2023',707903149),
(952,'weights','09','06','2023',707903149),
(953,'workout','09','06','2023',830073792),
(954,'weights','09','07','2023',766934418),
(955,'run','09','07','2023',766934418),
(957,'walk','09','07','2023',707903149),
(958,'walk','09','07','2023',823550040),
(959,'run','09','08','2023',823550040),
(960,'run','09','08','2023',707903149),
(961,'walk','09','10','2023',840358941),
(962,'walk','09','10','2023',823550040),
(963,'walk2','09','10','2023',840358941),
(964,'walk','09','10','2023',707903149),
(965,'walk','09','10','2023',766934418),
(966,'run','09','11','2023',707903149),
(967,'walk','09','11','2023',840358941),
(968,'run','09','11','2023',823550040),
(969,'walk','09','11','2023',766934418),
(970,'stairs','09','11','2023',840358941),
(971,'weightedrun','09','11','2023',840358941),
(972,'workout','09','11','2023',830073792),
(973,'workout','09','12','2023',766934418),
(974,'walk','09','12','2023',830073792),
(976,'walk','09','12','2023',707903149),
(977,'cycling','09','12','2023',823550040),
(978,'strength','09','12','2023',840358941),
(979,'racquetball','09','12','2023',840358941),
(980,'racquetball','09','12','2023',823550040),
(981,'walk','09','13','2023',840358941),
(982,'run','09','13','2023',707903149),
(983,'walk2','09','13','2023',840358941),
(984,'run/walk','09','13','2023',766934418),
(985,'run','09','13','2023',823550040),
(986,'walk','09','14','2023',707903149),
(987,'walk','09','14','2023',840358941),
(988,'weights','09','14','2023',707903149),
(989,'run','09','15','2023',823550040),
(990,'run','09','15','2023',840358941),
(991,'run','09','16','2023',707903149),
(992,'walk','09','16','2023',840358941),
(993,'walk2','09','16','2023',840358941),
(994,'walk3','09','16','2023',840358941),
(995,'treadmill','09','17','2023',840358941),
(996,'strength','09','17','2023',840358941),
(997,'strength','09','17','2023',840358941),
(998,'workout','09','18','2023',766934418),
(999,'walk','09','18','2023',707903149),
(1000,'walk','09','18','2023',840358941),
(1001,'run','09','18','2023',823550040),
(1002,'walk2','09','18','2023',840358941),
(1003,'walk3','09','18','2023',840358941),
(1004,'walk','09','19','2023',766934418),
(1005,'walk','09','19','2023',823550040),
(1006,'cross_country_survey','09','19','2023',1053466322),
(1007,'walk','09','19','2023',707903149),
(1008,'stairs','08','19','2023',840358941),
(1009,'strength','09','19','2023',840358941),
(1010,'stairs','09','19','2023',823550040),
(1011,'strength','09','19','2023',823550040),
(1012,'racquetball','09','19','2023',840358941),
(1013,'workout','09','19','2023',830073792),
(1014,'racquetball','09','19','2023',823550040),
(1015,'walk','09','20','2023',707903149),
(1016,'run','09','20','2023',840358941),
(1017,'run','09','20','2023',823550040),
(1018,'walk','09','20','2023',830073792),
(1019,'walk','09','21','2023',707903149),
(1020,'walk','09','21','2023',840358941),
(1021,'walk','09','21','2023',823550040),
(1022,'run','09','21','2023',707903149),
(1023,'run','09','22','2023',766934418),
(1024,'run','09','22','2023',823550040),
(1025,'weights','09','22','2023',766934418),
(1026,'run','09','22','2023',840358941),
(1027,'walk','09','23','2023',707903149),
(1028,'run','09','24','2023',823550040),
(1029,'walk','09','24','2023',766934418),
(1030,'walk','09','25','2023',766934418),
(1031,'run','09','25','2023',707903149),
(1032,'walk','09','26','2023',823550040),
(1033,'surveying','09','26','2023',1053466322),
(1034,'walk','09','26','2023',766934418),
(1035,'racquetball','09','26','2023',823550040),
(1036,'cycling','09','26','2023',823550040),
(1037,'weights','09','26','2023',766934418),
(1038,'run/walk','09','27','2023',766934418),
(1039,'running','09','27','2023',707903149),
(1040,'workout','09','27','2023',830073792),
(1041,'run','09','28','2023',823550040),
(1042,'run','09','29','2023',840358941),
(1043,'walk','09','29','2023',823550040),
(1044,'run','09','30','2023',823550040),
(1045,'workout','09','30','2023',766934418),
(1046,'walk','10','01','2023',766934418),
(1047,'run','10','02','2023',707903149),
(1048,'workout','10','02','2023',830073792),
(1049,'walk','10','03','2023',823550040),
(1050,'walk','10','03','2023',707903149),
(1051,'weights','10','04','2023',766934418),
(1052,'walk','10','04','2023',707903149),
(1053,'walk','10','05','2023',707903149),
(1054,'run','10','05','2023',840358941),
(1055,'run','10','09','2023',707903149),
(1056,'run','10','06','2023',766934418),
(1057,'hike','10','07','2023',766934418),
(1058,'run','10','07','2023',840358941),
(1059,'strength','10','07','2023',840358941),
(1060,'hike','10','08','2023',1053466322),
(1061,'walk','10','08','2023',707903149),
(1062,'run','10','09','2023',823550040),
(1063,'disc golf','10','08','2023',840358941),
(1064,'walk','10','09','2023',840358941),
(1065,'walk','10','10','2023',707903149),
(1066,'walk','10','10','2023',823550040),
(1067,'run','10','10','2023',766934418),
(1068,'walk','10','09','2023',840358941),
(1069,'run','10','10','2023',840358941),
(1070,'walk','10','10','2023',707903149),
(1071,'run/walk','10','11','2023',766934418),
(1072,'run','10','11','2023',823550040),
(1073,'walk','10','11','2023',707903149),
(1074,'weights','10','13','2023',766934418),
(1075,'run','10','13','2023',823550040),
(1076,'walk','10','13','2023',707903149),
(1077,'walk','10','16','2023',707903149),
(1078,'run','10','16','2023',823550040),
(1079,'walk','10','17','2023',766934418),
(1080,'run','10','17','2023',707903149),
(1081,'run','10','19','2023',707903149),
(1082,'run','10','20','2023',766934418),
(1083,'run','10','21','2023',707903149),
(1084,'walk','10','22','2023',707903149),
(1085,'walk','10','23','2023',707903149),
(1086,'run','10','23','2023',766934418),
(1087,'run','10','23','2023',840358941),
(1088,'run','10','24','2023',707903149),
(1089,'run','10','24','2023',823550040),
(1090,'run/walk','10','24','2023',766934418),
(1091,'rowing','10','24','2023',823550040),
(1092,'racquetball','10','24','2023',823550040),
(1093,'run','10','25','2023',840358941),
(1094,'walk','10','25','2023',707903149),
(1095,'run','10','26','2023',823550040),
(1096,'walk','10','26','2023',840358941),
(1097,'run','10','26','2023',840358941),
(1098,'run/walk','10','26','2023',766934418),
(1099,'walk','10','27','2023',823550040),
(1100,'walk','10','27','2023',707903149),
(1101,'walk','10','28','2023',707903149),
(1102,'5k','10','28','2023',823550040),
(1103,'5k','10','28','2023',840358941),
(1104,'5k','10','28','2023',766934418),
(1105,'geologyShit','10','28','2023',1053466322),
(1106,'weights','10','28','2023',707903149),
(1107,'walk','10','29','2023',707903149),
(1108,'weights','10','30','2023',766934418),
(1109,'walk','10','30','2023',707903149),
(1110,'walk','10','30','2023',823550040),
(1111,'weights','10','31','2023',766934418),
(1112,'run','11','03','2023',766934418),
(1113,'run','11','03','2023',823550040),
(1114,'run','11','03','2023',840358941),
(1115,'walk','11','03','2023',766934418),
(1116,'run','11','03','2023',707903149),
(1117,'walk','11','03','2023',707903149),
(1118,'weights','11','06','2023',766934418),
(1119,'walk','11','06','2023',707903149),
(1120,'walk','11','06','2023',707903149),
(1121,'weights','11','07','2023',766934418),
(1122,'walk','11','07','2023',707903149),
(1123,'run','11','07','2023',823550040),
(1124,'walk','11','07','2023',707903149),
(1125,'geologyShit','11','07','2023',1053466322),
(1126,'walk','11','08','2023',766934418),
(1127,'walk','11','08','2023',707903149),
(1128,'walk','11','09','2023',707903149),
(1129,'walk','11','09','2023',840358941),
(1130,'walk','11','09','2023',707903149),
(1131,'walk','11','09','2023',707903149),
(1132,'yoga','11','09','2023',823550040),
(1133,'walk','11','09','2023',707903149),
(1134,'walk','11','09','2023',840358941),
(1135,'walk','11','10','2023',707903149),
(1136,'walk','11','10','2023',707903149),
(1137,'walk','11','11','2023',766934418),
(1138,'walk','11','11','2023',840358941),
(1139,'Geology','11','12','2023',1053466322),
(1140,'weights','11','13','2023',707903149),
(1141,'walk','11','13','2023',707903149),
(1142,'walk','11','13','2023',823550040),
(1143,'weights','11','14','2023',707903149),
(1144,'walk','11','14','2023',707903149),
(1145,'walk','11','15','2023',766934418),
(1146,'walk','11','16','2023',766934418),
(1147,'walk','11','16','2023',823550040),
(1148,'walk','11','17','2023',766934418),
(1149,'walk','11','17','2023',707903149),
(1150,'walk','11','18','2023',707903149),
(1151,'walk','11','18','2023',707903149),
(1152,'run','11','19','2023',823550040),
(1153,'walking/hunting','11','21','2023',766934418),
(1154,'racquetball','11','21','2023',823550040),
(1155,'racquetball','11','21','2023',840358941),
(1156,'walk','11','23','2023',840358941),
(1157,'walk','11','24','2023',840358941),
(1158,'yoga','11','25','2023',823550040),
(1159,'walk','11','27','2023',707903149),
(1160,'walk','11','27','2023',707903149),
(1161,'walk','11','27','2023',823550040),
(1162,'walk','11','27','2023',707903149),
(1163,'stairs','11','28','2023',823550040),
(1164,'racquetball','11','28','2023',823550040),
(1165,'racquetball','11','28','2023',840358941),
(1166,'weights','11','29','2023',766934418),
(1167,'walk','11','29','2023',823550040),
(1168,'walk','11','29','2023',707903149),
(1169,'walk','11','30','2023',707903149),
(1170,'walk','12','01','2023',840358941),
(1171,'walk','12','01','2023',840358941),
(1172,'walk','12','02','2023',840358941),
(1173,'walk','12','03','2023',840358941),
(1174,'walk','12','04','2023',840358941),
(1175,'walk','12','05','2023',707903149),
(1176,'walk','12','05','2023',840358941),
(1177,'run','12','05','2023',840358941),
(1178,'strength','12','05','2023',840358941),
(1179,'weights','12','05','2023',707903149),
(1180,'racquetball','12','05','2023',823550040),
(1181,'racquetball','12','05','2023',840358941),
(1182,'cycling','12','06','2023',707903149),
(1183,'walk','12','06','2023',840358941),
(1184,'walk','12','06','2023',840358941),
(1185,'walk','12','07','2023',823550040),
(1186,'walk','12','07','2023',707903149),
(1187,'walk','12','07','2023',840358941),
(1188,'walk','12','08','2023',823550040),
(1189,'treadmill','12','08','2023',840358941),
(1190,'strength','12','08','2023',840358941),
(1191,'walk','12','09','2023',707903149),
(1192,'Run','12','09','2023',707903149),
(1193,'Weights','12','09','2023',707903149),
(1194,'walk','12','09','2023',840358941),
(1195,'stairs','12','10','2023',840358941),
(1196,'strength','12','10','2023',840358941),
(1197,'walk','12','11','2023',707903149),
(1198,'walk','12','11','2023',840358941),
(1199,'walk','12','11','2023',766934418),
(1200,'walk','12','11','2023',823550040),
(1201,'weights','12','11','2023',707903149),
(1202,'run','12','11','2023',707903149),
(1203,'run','12','11','2023',707903149),
(1204,'racquetball','12','12','2023',840358941),
(1205,'weights','12','12','2023',707903149),
(1206,'racquetball','12','12','2023',823550040),
(1207,'walk','12','13','2023',707903149),
(1208,'weights','12','13','2023',707903149),
(1209,'walk','12','13','2023',707903149),
(1210,'weights','12','13','2023',707903149),
(1211,'walk','12','15','2023',707903149),
(1212,'walk','12','15','2023',823550040),
(1213,'weights','12','15','2023',707903149),
(1214,'run','12','15','2023',707903149),
(1215,'run','12','15','2023',707903149),
(1216,'treadmill','12','15','2023',840358941),
(1217,'weights','12','16','2023',707903149),
(1218,'treadmill','12','16','2023',707903149),
(1219,'rowing','12','16','2023',707903149),
(1220,'walk','12','16','2023',840358941),
(1221,'run','12','18','2023',823550040),
(1222,'treadmill','12','18','2023',707903149),
(1223,'weights','12','18','2023',707903149),
(1224,'bike','12','18','2023',707903149),
(1225,'stairs','12','19','2023',840358941),
(1226,'racquetball','12','19','2023',823550040),
(1227,'rower','12','19','2023',823550040),
(1228,'weights','12','19','2023',707903149),
(1229,'racquetball','12','19','2023',840358941),
(1230,'racquetball','12','19','2023',823550040),
(1231,'walk','12','20','2023',707903149),
(1232,'walk','12','20','2023',840358941),
(1233,'weights','12','20','2023',707903149),
(1234,'weights','12','21','2023',707903149),
(1235,'walk','12','22','2023',823550040),
(1236,'indoorbike','12','23','2023',707903149),
(1237,'walk','12','24','2023',840358941),
(1238,'walk','12','25','2023',840358941),
(1239,'walk','12','25','2023',840358941),
(1240,'racquetball','12','26','2023',823550040),
(1241,'weights','12','26','2023',707903149),
(1242,'racquetball','12','26','2023',840358941),
(1243,'weights','12','27','2023',766934418),
(1244,'indoor walk','12','27','2023',766934418),
(1245,'walk','12','27','2023',766934418),
(1246,'walk','12','27','2023',840358941),
(1247,'walk','12','27','2023',840358941),
(1248,'walk','12','29','2023',766934418),
(1249,'walk','12','29','2023',840358941),
(1250,'weights','12','29','2023',707903149),
(1251,'walk','12','30','2023',840358941),
(1252,'walk','12','30','2023',840358941),
(1253,'walk','12','30','2023',707903149),
(1254,'walk','12','30','2023',840358941),
(1255,'walk','12','30','2023',840358941),
(1256,'weights','12','30','2023',766934418),
(1257,'walk','12','30','2023',823550040),
(1258,'walk','12','30','2023',840358941),
(1259,'walk','12','30','2023',840358941),
(1260,'walk','12','31','2023',840358941),
(1261,'walk','12','31','2023',840358941),
(1262,'walk','12','31','2023',840358941),
(1263,'weights','12','31','2023',766934418),
(1264,'indoorbike','12','31','2023',707903149),
(1265,'walk','12','31','2023',840358941),
(1266,'morningWarmUp','01','01','24',1053466322),
(1267,'hike','01','01','2024',766934418),
(1268,'Workout','01','01','2024',1053466322),
(1269,'Weights','01','01','2024',766934418),
(1270,'Walk','01','01','2023',707903149),
(1271,'Walk','01','01','2023',707903149),
(1272,'Walk','01','01','2024',707903149),
(1273,'Workout','01','01','2024',707903149),
(1274,'MorningWarmUp','01','02','2023',1053466322),
(1275,'MorningWarmUp','01','02','2024',1053466322),
(1276,'QuickWorkout','01','02','2024',830073792),
(1277,'Walk','01','02','2024',823550040),
(1279,'Walk','01','02','2023',766934418),
(1280,'Walk','01','02','2023',707903149),
(1281,'Walk','01','02','2024',707903149),
(1282,'Weights','01','02','2023',766934418),
(1283,'Weights','01','02','2024',766934418),
(1284,'MorningWarmUp','01','03','2024',1053466322),
(1285,'Walk','01','03','2023',707903149),
(1286,'Weights','01','04','2024',766934418),
(1287,'MorningWarmUp','01','04','2024',1053466322),
(1288,'Walk','01','04','2024',823550040),
(1289,'Indoorbike','01','04','2024',707903149),
(1290,'ThursQuickWorkout','01','05','2024',830073792),
(1291,'Walk','01','05','2024',766934418),
(1292,'Weights','01','05','2024',766934418),
(1293,'Racquetball','01','05','2024',840358941),
(1294,'Racquetball','01','05','2024',823550040),
(1295,'MorningWarmUp','01','06','2024',1053466322),
(1296,'Weights/cardio','01','06','2023',766934418),
(1297,'Plunge','01','06','2023',840358941),
(1298,'Plunge','01','06','2024',840358941),
(1299,'Walk','01','06','2024',840358941),
(1300,'Walk','01','06','2024',707903149),
(1301,'Weights','01','06','2024',707903149),
(1302,'Run','01','06','2024',707903149),
(1303,'Hike','01','06','2024',830073792),
(1304,'MorningWarmUp','01','07','2024',1053466322),
(1305,'MorningWarmUp','01','07','2024',1053466322),
(1306,'Weights/cardio','01','07','2024',766934418),
(1307,'Walk','01','08','2024',823550040),
(1308,'Walk','01','08','2024',707903149),
(1309,'Weights','01','08','2024',707903149),
(1310,'Weights','01','09','2023',766934418),
(1311,'Weights','01','09','2024',766934418),
(1312,'IndoorWalk','01','09','2024',766934418),
(1313,'MorninWarmUp','01','09','2024',1053466322),
(1314,'Racquetball','01','09','2024',823550040),
(1315,'Racquetball','01','09','2023',840358941),
(1316,'Workout','01','09','2024',830073792),
(1317,'MorningWarmUp','01','10','2024',1053466322),
(1318,'IndoorWalk','01','10','2023',766934418),
(1319,'IndoorWalk','01','10','2024',766934418),
(1320,'Walk','01','10','2024',823550040),
(1321,'MorningWarmUp','01','11','2024',1053466322),
(1322,'Walk','01','11','2023',707903149),
(1323,'Walk','01','11','2024',707903149),
(1324,'Yoga','01','11','2024',823550040),
(1325,'Weights','01','11','2024',766934418),
(1326,'QuickWorkout','01','11','2024',830073792),
(1327,'Weights','01','12','2024',766934418),
(1328,'Walk','01','12','2024',830073792),
(1329,'Warmup','01','13','2024',1053466322),
(1330,'Hike','01','13','2024',766934418),
(1331,'Walk','01','13','2024',823550040),
(1332,'YesterdayWalk','01','14','2024',830073792),
(1333,'Workout','01','15','2024',766934418),
(1334,'Walk','01','15','2024',707903149),
(1335,'Walk','01','15','2024',707903149),
(1336,'WalkWeights','01','14','2024',830073792),
(1337,'Yoga','01','15','2024',823550040),
(1338,'Weights','01','16','2024',766934418),
(1339,'MoringWarmUp','01','16','2024',1053466322),
(1340,'Walk','01','19','2024',707903149),
(1341,'Walk','01','16','2024',823550040),
(1342,'Cardio','01','17','2023',766934418),
(1343,'Cardio','01','17','2024',766934418),
(1344,'Walk','01','17','2024',766934418),
(1345,'Walk','01','17','2024',707903149),
(1346,'Walk','01','17','2024',823550040),
(1347,'Pickleball','01','17','2024',766934418),
(1348,'Walk','01','18','2024',707903149),
(1349,'Pickleball','01','18','2024',766934418),
(1350,'Yoga','01','18','2024',823550040),
(1351,'Workout','01','19','2024',766934418),
(1352,'Walk','01','19','2024',766934418),
(1353,'Walk','01','19','2024',707903149),
(1354,'WarmUp','01','19','2024',1053466322),
(1355,'Walk','01','19','2024',707903149),
(1356,'Walk','01','19','2024',823550040),
(1357,'Walk','01','20','2024',707903149),
(1358,'Pickleball','01','20','2024',766934418),
(1359,'Walk','01','20','2024',823550040),
(1360,'Walk','01','20','2024',707903149),
(1361,'Yoga','01','21','2024',823550040),
(1362,'Walk','01','22','2024',707903149),
(1363,'Walk','01','22','2024',707903149),
(1364,'Walk','01','22','2024',823550040),
(1365,'Walk','01','23','2024',707903149),
(1366,'Yoga','01','23','2024',823550040),
(1367,'Run','01','23','2023',840358941),
(1368,'Strength','01','23','2023',840358941),
(1369,'Strength','01','23','2024',840358941),
(1370,'Run','01','23','2024',840358941),
(1371,'Workout','01','23','2024',766934418),
(1372,'Racquetball','01','23','2024',823550040),
(1373,'Racquetball','01','23','2024',840358941),
(1374,'Weights','01','25','2024',766934418),
(1375,'Walk','01','26','2024',707903149),
(1376,'Pickleball','01','28','2024',766934418),
(1377,'Run','01','28','2024',823550040),
(1378,'IkeaWalk','01','28','2024',766934418),
(1379,'GroceryWalk','01','28','2024',1053466322),
(1380,'IkeaWalk','01','28','2024',766934418),
(1381,'Weights','01','29','2024',766934418),
(1382,'Walk','01','29','2024',707903149),
(1383,'Walk','01','29','2024',766934418),
(1384,'Walk','01','29','2023',707903149),
(1385,'Walk','01','29','2024',707903149),
(1386,'Racquetball','01','29','2024',823550040),
(1387,'Weights','01','30','2024',766934418),
(1388,'Walk','01','30','2024',707903149),
(1389,'Walk','01','30','2024',766934418),
(1390,'Walk','01','30','2024',823550040),
(1391,'Weights','01','31','2024',707903149),
(1392,'Walk','01','31','2024',707903149),
(1393,'Walk','01','31','2024',823550040),
(1394,'Walk','01','31','2024',707903149),
(1395,'Run','01','31','2024',707903149),
(1396,'Weights','01','31','2024',707903149),
(1397,'Run','01','31','2024',707903149),
(1400,'Workout','02','01','2024',766934418),
(1401,'Walk','02','01','2024',766934418),
(1403,'Walk','02','01','2024',707903149),
(1404,'Walk','02','01','2024',766934418),
(1405,'Run','02','01','2024',707903149),
(1406,'Weights','02','01','2024',707903149),
(1407,'Run','02','01','2024',707903149),
(1408,'Walk','02','02','2024',766934418),
(1409,'Walk','02','02','2024',830073792),
(1410,'Walk','02','03','2024',766934418),
(1411,'Walk','02','03','2024',823550040),
(1412,'Walk','02','03','2024',840358941),
(1413,'Walk','02','03','2024',707903149),
(1414,'Weights','02','05','2024',766934418),
(1415,'Cardio','02','05','2024',766934418),
(1416,'Walk','02','06','2024',823550040),
(1417,'Walk','02','06','2024',707903149),
(1418,'Racquetball','02','06','2024',840358941),
(1419,'Racquetball','02','06','2024',823550040),
(1420,'Weights','02','07','2024',766934418),
(1422,'Racquetball','02','06','2024',823550040),
(1423,'Walk','02','07','2024',823550040),
(1424,'Weights','02','07','2024',707903149),
(1425,'Walk','02','08','2024',840358941),
(1426,'Walk','02','08','2024',766934418),
(1427,'Run','02','08','2024',707903149),
(1428,'Weights','02','08','2024',707903149),
(1429,'Yoga','02','08','2024',823550040),
(1430,'Walk','02','09','2024',823550040),
(1431,'Strength','02','09','2023',840358941),
(1432,'Run','02','09','2024',840358941),
(1433,'Strength','02','09','2024',840358941),
(1434,'Pickleball','02','10','2024',766934418),
(1435,'Walk','02','10','2024',707903149),
(1436,'Stairs','02','11','2024',840358941),
(1437,'Strength','02','11','2024',840358941),
(1438,'Walk','02','12','2024',840358941),
(1439,'Weights','02','12','2024',707903149),
(1440,'Weights','02','13','2024',766934418),
(1441,'Walk','02','13','2024',766934418),
(1442,'Walk','02','13','2024',707903149),
(1444,'Weights','02','13','2024',707903149),
(1445,'Run','02','13','2024',840358941),
(1446,'Strength','02','13','2024',840358941),
(1447,'Rowing','02','13','2024',823550040),
(1448,'Racquetball','02','13','2024',840358941),
(1449,'Racquetball','02','13','2024',823550040),
(1450,'Walk','02','14','2024',707903149),
(1451,'Walk','02','14','2024',766934418),
(1452,'Walk','02','14','2024',823550040),
(1453,'Walk','02','14','2024',840358941),
(1454,'Weights','02','15','2024',766934418),
(1455,'Walk','02','15','2024',766934418),
(1456,'Run','02','15','2024',823550040),
(1457,'Run','02','16','2024',707903149),
(1458,'Weights','02','16','2024',707903149),
(1459,'Pickleball','02','17','2024',766934418),
(1460,'Walk','02','17','2024',766934418),
(1461,'Stairs','02','17','2024',840358941),
(1462,'Strength','02','17','2024',840358941),
(1463,'Run','02','17','2024',840358941),
(1464,'Walk','02','17','2024',707903149),
(1465,'Walk','02','18','2024',707903149),
(1466,'Rowing','02','18','2024',840358941),
(1467,'Ladder','02','18','2024',840358941),
(1468,'Walk','02','18','2024',766934418),
(1469,'Walk','02','18','2024',707903149),
(1470,'Run','02','18','2024',707903149),
(1471,'Walk','02','19','2024',823550040),
(1472,'Hike','02','19','2024',766934418),
(1473,'Walk','02','19','2024',1053466322),
(1474,'Run','02','19','2024',707903149),
(1475,'Weights','02','20','2024',766934418),
(1476,'Weightwalk','02','19','2024',840358941),
(1477,'Run','02','20','2024',823550040),
(1478,'Strength','02','20','2024',840358941),
(1479,'Rowing','02','20','2024',823550040),
(1480,'Racquetball','02','20','2024',840358941),
(1481,'Racquetball','02','20','2024',823550040),
(1482,'Walk','02','21','2024',707903149),
(1483,'Run','02','21','2024',840358941),
(1484,'Walk','02','21','2024',766934418),
(1485,'Walk','02','21','2024',823550040),
(1486,'Walk/run','02','21','2024',1053466322),
(1487,'Walk','02','21','2024',840358941),
(1488,'Run','02','21','2024',707903149),
(1489,'Cardio','02','22','2024',766934418),
(1490,'Weights','02','22','2024',766934418),
(1491,'BodyWeight','02','22','2024',1053466322),
(1492,'Walk','02','22','2024',823550040),
(1493,'Walk','02','23','2024',766934418),
(1494,'Stairs','02','23','2024',840358941),
(1495,'Strength','02','23','2024',840358941),
(1496,'BodyWeight','02','24','2024',1053466322),
(1497,'Pickleball','02','24','2024',766934418),
(1498,'Walk','02','24','2024',823550040),
(1499,'FullBodyStrength','02','25','2024',1053466322),
(1500,'Steps','02','25','2024',840358941),
(1501,'Walk','02','26','2024',707903149),
(1502,'Walk','02','26','2024',766934418),
(1503,'Walk','02','26','2024',840358941),
(1504,'Walk','02','26','2024',707903149),
(1505,'Walk','02','26','2024',1053466322),
(1506,'Walk','02','26','2024',823550040),
(1507,'Run','02','26','2024',707903149),
(1508,'Walk','02','26','2024',840358941),
(1509,'Walk','02','26','2024',840358941),
(1510,'Weights','02','27','2024',766934418),
(1511,'Walk','02','27','2024',766934418),
(1512,'Walk','02','27','2024',707903149),
(1513,'Walk','02','27','2024',707903149),
(1514,'Walk','02','26','2024',840358941),
(1515,'Walk','02','27','2024',766934418),
(1516,'Walk','02','27','2024',823550040),
(1517,'Pickleball','02','27','2024',707903149),
(1518,'Weights','02','28','2024',766934418),
(1519,'Walk','02','28','2024',766934418),
(1520,'Walk','02','28','2024',840358941),
(1521,'Walk','02','28','2024',707903149),
(1522,'Walk','02','28','2024',840358941),
(1523,'Walk','02','27','2024',766934418),
(1524,'Walk','02','28','2024',707903149),
(1525,'Walk','02','28','2024',1053466322),
(1526,'Walk','02','28','2024',707903149),
(1527,'Walk','02','28','2024',840358941),
(1528,'Walk','02','28','2024',840358941),
(1529,'Walk','02','29','2024',766934418),
(1530,'Walk','02','29','2024',840358941),
(1531,'Walk','02','29','2024',840358941),
(1532,'Walk','02','29','2024',840358941),
(1533,'Walk','02','29','2024',823550040),
(1534,'Walk','02','29','2024',840358941),
(1535,'Walk','02','29','2024',707903149),
(1536,'Walk','03','01','2024',766934418),
(1537,'Walk','03','01','2024',840358941),
(1538,'Walk','03','01','2024',707903149),
(1539,'Yoga','03','01','2024',823550040),
(1540,'Pickleball','03','02','2024',766934418),
(1541,'Walk','03','02','2024',707903149),
(1542,'Walk','03','02','2024',707903149),
(1543,'Bodyweight','03','03','2024',1053466322),
(1544,'Walk','03','03','2024',707903149),
(1545,'Run','03','03','2024',823550040),
(1546,'Walk','02','03','2024',840358941),
(1547,'Walk','03','03','2024',840358941),
(1548,'Pickleball','03','03','2024',766934418),
(1549,'Walk','03','04','2024',766934418),
(1550,'Bike','03','04','2024',707903149),
(1551,'Walk','03','04','2024',707903149),
(1552,'Walk','03','04','2024',823550040),
(1553,'Wall','03','04','2024',707903149),
(1554,'Walk','03','04','2024',707903149),
(1555,'Pickleball','03','04','2024',766934418),
(1556,'Yoga','03','04','2024',823550040),
(1557,'Cardio','03','05','2024',766934418),
(1558,'Weights','03','05','2024',766934418),
(1559,'Walk','03','05','2024',823550040),
(1560,'Run','02','05','2024',840358941),
(1561,'Rowing','03','05','2024',823550040),
(1562,'Racquetball','03','05','2024',840358941),
(1563,'Run','03','05','2024',840358941),
(1564,'Racquetball','03','05','2024',823550040),
(1565,'Yoga','03','06','2024',823550040),
(1566,'Pickleball','03','06','2024',707903149),
(1567,'Walk','03','07','2024',823550040),
(1568,'Walk','03','07','2024',766934418),
(1569,'Walk','03','07','2024',707903149),
(1570,'Walk','03','07','2024',707903149),
(1571,'Run','03','07','2024',823550040),
(1572,'Walk','03','07','2024',840358941),
(1573,'Walk','03','08','2024',766934418),
(1574,'Walk','03','08','2024',823550040),
(1575,'Walk','03','08','2024',707903149),
(1576,'Plunge','03','09','2024',840358941),
(1577,'Plunge','03','09','2024',823550040),
(1578,'Walk','03','10','2024',707903149),
(1579,'Walk','03','10','2024',823550040),
(1580,'Walk','03','10','2024',840358941),
(1581,'Walk','03','11','2024',766934418),
(1582,'Run','03','11','2024',823550040),
(1583,'Walk','03','11','2024',840358941),
(1584,'Walk','03','11','2024',823550040),
(1585,'Walk','03','11','2024',766934418),
(1586,'Walk','03','11','2024',766934418),
(1587,'Walk','03','11','2024',823550040),
(1588,'Walk','03','12','2024',823550040),
(1589,'Walk','03','12','2024',707903149),
(1590,'Stairs','03','12','2024',840358941),
(1591,'Rowing','03','12','2024',823550040),
(1592,'Racquetball','03','12','2024',823550040),
(1593,'Racquetball','03','12','2024',840358941),
(1594,'Walk','03','12','2024',766934418),
(1595,'Walk','03','13','2024',823550040),
(1596,'Walk','03','13','2024',707903149),
(1597,'Walk','03','13','2024',1053466322),
(1598,'Walk','03','13','2024',707903149),
(1599,'Walk','03','14','2024',766934418),
(1600,'Yoga','03','14','2024',823550040),
(1601,'Walk','03','14','2024',707903149),
(1602,'Walk','03','14','2024',823550040),
(1603,'Walk','03','14','2023',840358941),
(1604,'Walk','03','14','2024',840358941),
(1605,'Pickleball','03','14','2024',707903149),
(1606,'Walk','03','14','2024',823550040),
(1607,'Walk','03','14','2024',766934418),
(1608,'Walk','03','15','2024',766934418),
(1609,'Pickleball','03','16','2024',766934418),
(1610,'Walk','03','16','2024',823550040),
(1611,'Walk','03','16','2024',840358941),
(1612,'Run','03','17','2024',823550040),
(1613,'Walk','03','17','2024',840358941),
(1614,'Pickleball','03','17','2024',766934418),
(1615,'Walk','03','17','2024',707903149),
(1616,'Walk','03','18','2024',766934418),
(1617,'Weights','03','18','2024',766934418),
(1618,'Run','03','18','2024',766934418),
(1619,'Walk','03','18','2024',707903149),
(1620,'Walk','03','18','2024',823550040),
(1621,'Yoga','03','18','2024',823550040),
(1622,'Walk','03','18','2024',840358941),
(1623,'Walk','03','18','2024',840358941),
(1624,'Walk','03','18','2024',707903149),
(1625,'Walk','03','19','2024',823550040),
(1626,'Walk','03','19','2024',707903149),
(1627,'Run','03','19','2024',840358941),
(1628,'Strength','03','19','2024',840358941),
(1629,'Racquetball','03','19','2024',840358941),
(1630,'Strength','03','19','2024',823550040),
(1631,'Racquetball','03','19','2024',823550040),
(1632,'Run','03','20','2024',766934418),
(1633,'Run','03','20','2024',823550040),
(1634,'Walk','03','20','2024',707903149),
(1635,'Walk','03','21','2024',823550040),
(1636,'Walk','03','21','2024',840358941),
(1637,'Walk','03','22','2024',840358941),
(1638,'Walk','03','24','2024',823550040),
(1639,'Pickleball','03','24','2024',766934418),
(1640,'Weights','03','25','2024',766934418),
(1641,'Run','03','25','2024',766934418),
(1642,'Weightrun','03','25','2024',840358941),
(1643,'Walk','03','25','2024',823550040),
(1644,'Walk','03','25','2024',707903149),
(1645,'Walk','03','25','2024',766934418),
(1646,'Walk','03','25','2024',840358941),
(1647,'Yoga','03','25','2024',823550040),
(1648,'Weights','03','26','2024',766934418),
(1649,'Walk','03','26','2024',766934418),
(1650,'Walk','03','26','2024',707903149),
(1651,'Walk','03','26','2024',766934418),
(1652,'Walk','03','26','2024',707903149),
(1653,'Walk','03','26','2024',823550040),
(1654,'Strength','03','26','2024',823550040),
(1655,'Racquetball','03','26','2024',823550040),
(1656,'Strength','03','26','2024',840358941),
(1657,'Racquetball','03','26','2024',840358941),
(1658,'Walk','03','27','2024',707903149),
(1659,'Weights','03','28','2024',766934418),
(1660,'Run','03','28','2024',766934418),
(1661,'Strength','03','28','2024',823550040),
(1662,'Pickleball','03','28','2024',707903149),
(1663,'Strength','03','28','2024',840358941),
(1664,'Racquetball','03','28','2024',840358941),
(1665,'Racquetball','03','28','2024',823550040),
(1666,'Walk','03','29','2024',823550040),
(1667,'Hike','03','29','2024',766934418),
(1668,'Pickleball','03','30','2024',766934418),
(1669,'Walk','03','31','2024',823550040),
(1670,'Weights','04','01','2024',766934418),
(1671,'Walk','04','01','2024',707903149),
(1672,'Walk','04','01','2024',766934418),
(1673,'Pickleball','04','01','2024',766934418),
(1674,'Run','04','02','2024',823550040),
(1675,'Walk','04','02','2024',707903149),
(1676,'Strength','04','02','2024',840358941),
(1677,'Racquetball','04','02','2024',840358941),
(1678,'Strength','04','02','2024',823550040),
(1679,'Racquetball','04','02','2024',823550040),
(1680,'Walk','04','03','2024',823550040),
(1681,'Walk','04','03','2024',707903149),
(1682,'Walk','04','04','2024',766934418),
(1683,'Walk','04','04','2024',707903149),
(1684,'Strength','04','04','2024',840358941),
(1685,'Walk','04','05','2024',766934418),
(1686,'Walk','04','06','2024',840358941),
(1687,'Walk','04','06','2024',840358941),
(1688,'Walk','04','06','2024',707903149),
(1689,'Walk','04','07','2024',840358941),
(1690,'Walk','04','07','2024',823550040),
(1691,'Weights','04','07','2024',766934418),
(1692,'Walk','04','07','2024',707903149),
(1693,'Weights','04','07','2024',707903149),
(1694,'Pickleball','04','07','2024',766934418),
(1695,'Cardio','04','08','2024',766934418),
(1696,'Weights','04','08','2024',766934418),
(1697,'Walk','04','08','2024',707903149),
(1698,'Walk','04','08','2024',766934418),
(1699,'Run','04','08','2024',707903149),
(1700,'Weights','04','08','2024',707903149),
(1701,'Weights','04','09','2024',766934418),
(1702,'Cardio','04','09','2024',766934418),
(1703,'Walk','04','09','2024',823550040),
(1704,'Walk','04','09','2024',823550040),
(1705,'Walk','04','09','2024',766934418),
(1706,'Walk','04','09','2024',707903149),
(1707,'Weights','04','09','2024',707903149),
(1708,'Walk','04','10','2024',766934418),
(1709,'Walk','04','10','2024',707903149),
(1710,'Walk','04','10','2024',823550040),
(1711,'Walk','04','10','2024',707903149),
(1712,'Weights','04','10','2024',707903149),
(1713,'Walk','04','10','2024',840358941),
(1714,'Cardio','04','11','2024',766934418),
(1715,'Weights','04','11','2024',766934418),
(1716,'Run','04','11','2024',766934418),
(1717,'Walk','04','11','2024',707903149),
(1718,'Walk','04','11','2024',840358941),
(1719,'Walk','04','11','2024',707903149),
(1720,'Weights','04','11','2024',707903149),
(1721,'Walk','04','12','2024',840358941),
(1722,'Walk','04','12','2024',840358941),
(1723,'Walk','04','12','2024',707903149),
(1724,'Cardio','04','12','2024',766934418),
(1725,'Weights','04','12','2024',766934418),
(1726,'Walk','04','12','2024',766934418),
(1727,'Pickleball','04','13','2024',766934418),
(1728,'Weights','04','13','2024',766934418),
(1729,'Cardio','04','13','2024',766934418),
(1730,'Walk','04','13','2024',707903149),
(1731,'Walk','04','13','2024',823550040),
(1732,'Walk','04','13','2024',707903149),
(1733,'Weights','04','13','2024',707903149),
(1734,'Cardio','04','14','2024',766934418),
(1735,'Weights','04','14','2024',766934418),
(1736,'Bike','04','14','2024',707903149),
(1737,'Pickleball','04','14','2024',766934418),
(1738,'Walk','04','15','2024',707903149),
(1739,'Run','04','15','2024',707903149),
(1740,'Weights','04','15','2024',707903149),
(1741,'Weights','04','16','2024',766934418),
(1742,'Cardio','04','16','2024',766934418),
(1743,'Walk','04','16','2024',707903149),
(1744,'Walk','04','16','2024',766934418),
(1745,'Walk','04','16','2024',707903149),
(1746,'Run','04','16','2024',823550040),
(1747,'Run','04','16','2024',707903149),
(1748,'Weights','04','16','2024',707903149),
(1749,'Strength','04','16','2024',840358941),
(1750,'Racquetball','04','16','2024',840358941),
(1751,'Strength','04','16','2024',823550040),
(1752,'Racquetball','04','16','2024',823550040),
(1753,'Weights','04','17','2024',766934418),
(1754,'Walk','04','17','2024',766934418),
(1755,'Walk','04','17','2024',823550040),
(1756,'Run','04','17','2024',766934418),
(1757,'Walk','04','17','2024',707903149),
(1758,'Pickleball','04','17','2024',766934418),
(1759,'Walk','04','17','2024',707903149),
(1760,'Weights','04','17','2024',707903149),
(1761,'Weights','04','18','2024',766934418),
(1762,'Cardio','04','18','2024',766934418),
(1763,'Walk','04','18','2024',707903149),
(1764,'Run','04','18','2024',766934418),
(1766,'Pickleball','04','18','2024',766934418),
(1767,'Pickleball','04','18','2024',707903149),
(1768,'Walk','04','19','2024',766934418),
(1769,'Walk','04','19','2024',707903149),
(1770,'Walk','04','19','2024',823550040),
(1771,'Weights','04','20','2024',766934418),
(1772,'Cardio','04','20','2024',766934418),
(1773,'Pickleball','04','20','2024',766934418),
(1774,'Walk','04','21','2024',707903149),
(1775,'Hike','04','21','2024',840358941),
(1776,'Hike','04','21','2024',840358941),
(1777,'Weights','04','21','2024',766934418),
(1778,'Cardio','04','21','2024',766934418),
(1779,'Weights','04','22','2024',766934418),
(1780,'Cardio','04','22','2024',766934418),
(1781,'Walk','04','22','2024',707903149),
(1782,'Run','04','22','2024',766934418),
(1783,'Walk','04','22','2024',707903149),
(1784,'Walk','04','22','2024',840358941),
(1785,'Pickleball','04','22','2024',766934418),
(1786,'Weights','04','22','2024',707903149),
(1787,'Walk','04','23','2024',766934418),
(1788,'Walk','04','23','2024',707903149),
(1789,'Weights','04','23','2024',707903149),
(1790,'Walk','04','23','2024',707903149),
(1791,'Strength','04','23','2024',823550040),
(1792,'Racquetball','04','23','2024',823550040),
(1793,'Strength','04','23','2024',840358941),
(1794,'Racquetball','04','23','2024',840358941),
(1795,'Weights','04','24','2024',766934418),
(1796,'Run','04','24','2024',766934418),
(1797,'Run','04','24','2024',823550040),
(1798,'Run/Walk','04','24','2024',707903149),
(1799,'Walk','04','24','2024',766934418),
(1800,'Walk','04','24','2024',840358941),
(1801,'Weights','04','25','2024',766934418),
(1802,'Cardio','04','25','2024',766934418),
(1803,'Walk','04','25','2024',823550040),
(1804,'Run','04','25','2024',766934418),
(1805,'Walk','04','25','2024',707903149),
(1806,'Hike','04','26','2024',766934418),
(1807,'Pickleball','04','26','2024',766934418),
(1808,'Pickleball','04','26','2024',707903149),
(1809,'Pickleball','04','26','2024',823550040),
(1810,'Walk','04','27','2024',766934418),
(1811,'Walk','04','27','2024',823550040),
(1812,'Walk','04','27','2024',840358941),
(1813,'Walk','04','27','2024',766934418),
(1814,'Walk','04','27','2024',707903149),
(1815,'Run','04','28','2024',766934418),
(1816,'Pickleball','04','28','2024',766934418),
(1817,'Weights','04','29','2024',766934418),
(1818,'Walk','04','29','2024',707903149),
(1819,'Walk','04','29','2024',766934418),
(1820,'Strength','04','29','2024',823550040),
(1821,'Racquetball','04','29','2024',823550040),
(1822,'Weights','04','30','2024',766934418),
(1823,'Walk','04','30','2024',707903149),
(1824,'Walk','04','30','2024',707903149),
(1825,'Walk','04','30','2024',823550040),
(1826,'Weights','05','01','2024',766934418),
(1827,'Walk','05','01','2024',707903149),
(1828,'Run','05','01','2024',766934418),
(1829,'Run','05','01','2024',823550040),
(1830,'Walk','05','01','2024',707903149),
(1831,'Pickleball','05','01','2024',766934418),
(1832,'Walk','05','01','2024',840358941),
(1833,'Run','05','01','2024',707903149),
(1834,'Weights','05','01','2024',707903149),
(1835,'Walk','05','02','2024',707903149),
(1836,'Walk','05','02','2024',766934418),
(1837,'Weightrun','05','02','2024',840358941),
(1838,'Walk','05','02','2024',823550040),
(1839,'Walk','05','02','2024',766934418),
(1840,'Walk','05','02','2024',840358941),
(1841,'Pickleball','05','02','2024',707903149),
(1842,'Weights','05','03','2024',766934418),
(1843,'Cardio','05','03','2024',766934418),
(1845,'Walk','05','03','2024',707903149),
(1846,'WeightedWalkHillSprints','05','03','2024',766934418),
(1847,'Walk','05','03','2024',830073792),
(1848,'Walk','05','03','2024',707903149),
(1849,'Strength','05','03','2024',823550040),
(1850,'Racquetball','05','03','2024',823550040),
(1851,'Strength','05','03','2024',840358941),
(1852,'Racquetball','05','03','2024',840358941),
(1853,'Weights','05','04','2024',766934418),
(1854,'Cardio','05','04','2024',766934418),
(1855,'Drums+Run','05','04','2024',766934418),
(1856,'Kayaking','05','04','2024',707903149),
(1857,'Walk','05','05','2024',707903149),
(1858,'Weights','05','05','2024',766934418),
(1859,'Walk','05','05','2024',823550040),
(1860,'Bike','05','05','2024',707903149),
(1861,'Pickleball','05','05','2024',766934418),
(1862,'Drums+Walk','05','05','2024',766934418),
(1864,'Weights','05','06','2024',766934418),
(1865,'Weightrun','05','06','2024',840358941),
(1866,'Walk','05','06','2024',766934418),
(1867,'Yoga','05','06','2024',823550040),
(1868,'Walk','05','06','2024',707903149),
(1870,'Racquetball','05','06','2024',840358941),
(1871,'Strength','05','06','2024',840358941),
(1872,'Strength','05','06','2024',823550040),
(1873,'Racquetball','05','06','2024',823550040),
(1874,'Walk','05','07','2024',707903149),
(1875,'Run','05','07','2024',766934418),
(1876,'Bike','05','07','2024',707903149),
(1877,'Run','05','07','2024',823550040),
(1878,'Walk','05','07','2024',766934418),
(1879,'Pickleball','05','07','2024',707903149),
(1880,'Weights','05','08','2024',766934418),
(1881,'Run','05','08','2024',766934418),
(1882,'Walk','05','08','2024',707903149),
(1883,'Walk','05','08','2024',823550040),
(1884,'Bike','05','08','2024',707903149),
(1885,'Racquetball','05','08','2024',840358941),
(1886,'Strength','05','08','2024',840358941),
(1887,'Stairs','05','08','2024',840358941),
(1888,'Racquetball','05','08','2024',823550040),
(1889,'Stairs','05','08','2024',823550040),
(1890,'Strength','05','08','2024',823550040),
(1891,'Weights','05','09','2024',766934418),
(1892,'Cardio','05','09','2024',766934418),
(1893,'Walk','05','09','2024',766934418),
(1894,'Run','05','09','2024',766934418),
(1895,'Walk','05','09','2024',840358941),
(1896,'Walk','05','09','2024',707903149),
(1897,'Weights','05','09','2024',707903149),
(1898,'Walk','05','09','2024',823550040),
(1899,'Walk','05','10','2024',707903149),
(1900,'Run','05','10','2024',823550040),
(1901,'Walk','05','10','2024',707903149),
(1902,'Cardio','05','11','2024',766934418),
(1903,'Yoga','05','11','2024',823550040),
(1904,'Pickleball','05','12','2024',766934418),
(1905,'Walk','05','12','2024',840358941),
(1906,'Walk','05','12','2024',766934418),
(1907,'Run','05','13','2024',766934418),
(1908,'Run','05','13','2024',823550040),
(1909,'Walk','05','13','2024',766934418),
(1910,'Run','05','14','2024',766934418),
(1911,'Hike','05','14','2024',840358941),
(1912,'Run','05','15','2024',766934418),
(1913,'Walk','05','15','2024',840358941),
(1914,'Walk','05','15','2024',840358941),
(1915,'Walk','05','15','2024',766934418),
(1916,'Yoga','05','15','2024',823550040),
(1917,'Walk','05','16','2024',766934418),
(1918,'Strength','05','16','2024',823550040),
(1919,'Stairs','05','16','2024',823550040),
(1920,'Walk','05','16','2024',766934418),
(1921,'Run','05','17','2024',766934418),
(1922,'Walk','05','17','2024',823550040),
(1923,'Walk','05','17','2024',707903149),
(1924,'Glacier hike','05','17','2024',1053466322),
(1925,'Pickleball','05','17','2024',766934418),
(1926,'Glacierhike','05','17','2024',840358941),
(1927,'Pickleball','05','18','2024',766934418),
(1928,'Walk','05','19','2024',707903149),
(1929,'Walk','05','19','2024',823550040),
(1930,'Weights','05','20','2024',766934418),
(1931,'WeightedWalk','05','20','2024',766934418),
(1932,'Walk','05','20','2024',707903149),
(1933,'Yoga','05','20','2024',823550040),
(1934,'Pickleball','05','20','2024',766934418),
(1935,'Weights','05','21','2024',766934418),
(1936,'Walk','05','21','2024',707903149),
(1937,'Walk','05','21','2024',707903149),
(1938,'Strength','05','21','2024',840358941),
(1939,'Racquetball','05','21','2024',840358941),
(1940,'Strength','05','21','2024',823550040),
(1941,'Racquetball','05','21','2024',823550040),
(1942,'Weights','05','22','2024',766934418),
(1943,'Cardio','05','22','2024',766934418),
(1944,'Walk','04','24','2024',766934418),
(1945,'Walk','05','22','2024',766934418),
(1946,'Walk','05','22','2024',707903149),
(1947,'Run','05','22','2024',823550040),
(1948,'Walk','05','23','2024',707903149),
(1949,'Weights','05','24','2024',766934418),
(1950,'Strength','05','24','2024',823550040),
(1951,'Racquetball','05','24','2024',823550040),
(1952,'Walk','05','25','2024',766934418),
(1953,'Strength','05','24','2024',840358941),
(1954,'Racquetball','05','24','2024',840358941),
(1955,'Walk','05','25','2024',840358941),
(1956,'Walk','05','26','2024',766934418),
(1957,'Walk','05','26','2024',840358941),
(1958,'Run/walk','05','27','2024',766934418),
(1959,'Walk','05','27','2024',707903149),
(1960,'Walk','05','27','2024',766934418),
(1961,'Yoga','05','27','2024',823550040),
(1962,'Walk','05','27','2024',707903149),
(1963,'Walk','05','27','2024',840358941),
(1964,'Hike','05','28','2024',823550040),
(1965,'Hiking','05','29','2024',766934418),
(1966,'Hike','05','31','2024',766934418),
(1967,'Walk','06','01','2024',766934418),
(1968,'Walk','06','01','2024',707903149),
(1969,'Walk','06','01','2024',823550040),
(1970,'Walk','06','01','2024',840358941),
(1971,'Weights','06','02','2024',707903149),
(1972,'Bike','06','02','2024',707903149),
(1973,'Weights','06','03','2024',766934418),
(1974,'Run','06','03','2024',766934418),
(1975,'Walk','06','03','2024',707903149),
(1976,'run','06','03','2024',840358941),
(1977,'Run','06','03','2024',823550040),
(1978,'Weightwalk','06','03','2024',840358941),
(1979,'Cycling','06','03','2024',823550040),
(1980,'Cardio','06','03','2024',840358941),
(1981,'Rowing','06','03','2024',823550040),
(1982,'Vo2','06','03','2024',840358941),
(1983,'Weights','06','03','2024',707903149),
(1985,'Bike','06','03','2024',707903149),
(1986,'Weights','06','04','2024',766934418),
(1987,'Rowing','06','04','2024',766934418),
(1988,'Walk','06','04','2024',766934418),
(1989,'Walk','06','04','2024',707903149),
(1990,'Run','06','04','2024',840358941),
(1991,'Weightwalk','06','04','2024',840358941),
(1992,'Bike','06','04','2024',707903149),
(1993,'Weights','06','04','2024',707903149),
(1994,'Strength','06','04','2024',840358941),
(1995,'Racquetball','06','04','2024',840358941),
(1996,'Racquetball','06','04','2024',823550040),
(1997,'Strength','06','04','2024',823550040),
(1998,'Weights','06','05','2024',766934418),
(1999,'Run','06','05','2024',766934418),
(2000,'Run','06','05','2024',840358941),
(2001,'Strength','06','05','2024',840358941),
(2002,'Walk','06','05','2024',707903149),
(2003,'Walk','06','05','2024',766934418),
(2004,'Walk','06','05','2024',823550040),
(2005,'Weightwalk','06','05','2024',840358941),
(2006,'Bike','06','05','2024',707903149),
(2007,'Weights','06','05','2024',707903149),
(2008,'Pickleball','06','05','2024',707903149),
(2009,'Weights','06','06','2024',766934418),
(2010,'Walk','06','06','2024',766934418),
(2011,'Walk','06','06','2024',707903149),
(2012,'Run','06','06','2024',840358941),
(2013,'Weightwalk','06','06','2024',840358941),
(2014,'Pickleball','06','06','2024',766934418),
(2015,'Run','06','06','2024',766934418),
(2016,'Pickleball','06','06','2024',707903149),
(2017,'Cycling','06','06','2024',823550040),
(2018,'Cardio','06','06','2024',840358941),
(2019,'Strength','06','06','2024',823550040),
(2020,'Strength','06','06','2024',840358941),
(2021,'Walk','06','07','2024',766934418),
(2022,'Run','06','07','2024',840358941),
(2023,'Walk','06','07','2024',823550040),
(2024,'Walk','06','07','2024',766934418),
(2025,'Walk','06','07','2024',707903149),
(2026,'Walk','06','07','2024',840358941),
(2027,'Weights','06','08','2024',766934418),
(2028,'Bike','06','08','2024',707903149),
(2029,'Stairs','06','08','2024',823550040),
(2030,'Stairs','06','08','2024',840358941),
(2031,'Strength','06','08','2024',840358941),
(2032,'Strength','06','08','2024',823550040),
(2033,'Bike','06','08','2024',707903149),
(2034,'Weights','06','08','2024',707903149),
(2035,'TrailRun','06','08','2024',766934418),
(2036,'Walk','07','08','2024',840358941),
(2037,'Walk','06','08','2024',840358941),
(2038,'Walk','06','08','2024',823550040),
(2039,'Walk','06','08','2024',766934418),
(2040,'Walk','06','09','2024',707903149);
/*!40000 ALTER TABLE `fit_boi_record` ENABLE KEYS */;
UNLOCK TABLES;

--
-- Table structure for table `fit_boi_user`
--

DROP TABLE IF EXISTS `fit_boi_user`;
/*!40101 SET @saved_cs_client     = @@character_set_client */;
/*!40101 SET character_set_client = utf8 */;
CREATE TABLE `fit_boi_user` (
  `id` bigint(20) NOT NULL,
  `name` varchar(50) DEFAULT NULL,
  `group_id` mediumtext DEFAULT NULL,
  `version` varchar(50) DEFAULT NULL,
  PRIMARY KEY (`id`)
) ENGINE=InnoDB DEFAULT CHARSET=utf8mb4 COLLATE=utf8mb4_general_ci;
/*!40101 SET character_set_client = @saved_cs_client */;

--
-- Dumping data for table `fit_boi_user`
--

LOCK TABLES `fit_boi_user` WRITE;
/*!40000 ALTER TABLE `fit_boi_user` DISABLE KEYS */;
INSERT INTO `fit_boi_user` VALUES
(707903149,'Lawton','-253413285','0'),
(766934418,'Tyler','-253413285','0'),
(823550040,'Caleb','-253413285','0'),
(830073792,'Ethan','-253413285','0'),
(840358941,'Pierce','-253413285','0'),
(1053466322,'Ian','-253413285','0'),
(7039353831,'','7039353831','0');
/*!40000 ALTER TABLE `fit_boi_user` ENABLE KEYS */;
UNLOCK TABLES;
/*!40103 SET TIME_ZONE=@OLD_TIME_ZONE */;

/*!40101 SET SQL_MODE=@OLD_SQL_MODE */;
/*!40014 SET FOREIGN_KEY_CHECKS=@OLD_FOREIGN_KEY_CHECKS */;
/*!40014 SET UNIQUE_CHECKS=@OLD_UNIQUE_CHECKS */;
/*!40101 SET CHARACTER_SET_CLIENT=@OLD_CHARACTER_SET_CLIENT */;
/*!40101 SET CHARACTER_SET_RESULTS=@OLD_CHARACTER_SET_RESULTS */;
/*!40101 SET COLLATION_CONNECTION=@OLD_COLLATION_CONNECTION */;
/*!40111 SET SQL_NOTES=@OLD_SQL_NOTES */;

-- Dump completed on 2024-06-09 11:38:33
